,address,nbtoken,NumNFT,FirstTimeOwner,FirstTokenName,FirstTokenSymbol,nb_token
0,0x0eeb7A2CD9C916fe087cDd28a3c5ABFDa31aD6d8,,53,False,Ethereum Name Service,ENS,25.0
0,0x79C54FfEB3b1de7EFb70A2cFfAA3b03c4A6fEdED,,2,True,Piano King NFT,PK,2.0
0,0x30d8179DABac05c60ccfA239a4bF532268220eb2,,2,True,Piano King NFT,PK,1.0
0,0x917BaeF3349854c7c2415Ff50D71B134Eb787F3a,,9,True,Piano King NFT,PK,9.0
0,0x1f0B13024d0Eb5b56906AFB021F5adeCf4396Ec6,,1,True,Piano King NFT,PK,1.0
0,0x142F49e64D33Ee367e8C21fA475A933e1Ddd3255,,2,True,Piano King NFT,PK,2.0
0,0xA02f6228757e941a8662950d6Dd477D75566bF85,,9,False,Billionaires,BB,2.0
0,0x857c86f95b5587ea7765A14fF1bA9e8Eac713d27,,3,True,Piano King NFT,PK,3.0
0,0x378066BB30535990c9d31b4758D8722Dd78FaF9a,,15,False,Ethereum Name Service,ENS,12.0
0,0xE75FFdCC44597598A8DE615B826b8F42Fe1a8A43,,3,False,Exclusible Alpha,EXCLUSIBLE,2.0
0,0x938E561d38770cc62a78dd46Be7d8CdCEbf2c872,,9,True,Piano King NFT,PK,5.0
0,0xC958c2B65E9840F76E34EE660e27cCf254d75Fa4,,2,True,Piano King NFT,PK,1.0
0,0x26eD5eeb37Bf556FcB67333421F40a4820c4638f,,1,True,Piano King NFT,PK,1.0
0,0x040ca5db945D561305Ec64C74791B4349FC9d312,,1465,False,Creature World,CREATURE,19.0
0,0x1750ab5c6F460eA6770C24A0d1fEd3877Bf48c87,,2,True,Piano King NFT,PK,1.0
0,0xE25d87809065a41040C87e29F064C94CB6cE941A,,5,True,Piano King NFT,PK,5.0
0,0xf3415D76F984cE7296Ca9cef0F83511388D62a30,,3842,False,Frogs in Disguise,FID,25.0
0,0xAdD012d91B390fA40F05e66889786844CCFc6B37,,24,False,Party Ape Billionaire Club,PABC,2.0
0,0x4D40F78265F86EEc8D3327E3a87c473DA9216de4,,58,False,Ethereum Name Service,ENS,25.0
0,0x630df7b6639aaDCfBcd87F9ABcd812E557b875DA,,2,True,Piano King NFT,PK,2.0
0,0x385Cd607245F8C03327d8d9fCDF2fC5a9db94687,,50,True,Piano King NFT,PK,25.0
0,0x46c394F65eb7914dFFb9cb97A9FCee1F7BF218b7,,1,True,Piano King NFT,PK,1.0
0,0xCA0859982ED32A754F6204596b65E9655a6dBE22,,1,True,Piano King NFT,PK,1.0
0,0xB8380C895a86E9A60334919C326B62Da97139A27,,2,True,Piano King NFT,PK,2.0
0,0x6F69F79cEA418024b9E0acfD18bD8DE26f9BBE39,,3753,False,DopeRaider,DOPR,3.0
0,0xF4FaCa935238f1F12ce0E5499a567946b8556A0B,,614,False,Moose,MOOSE,10.0
0,0x72663A763bCba18090b9a93781931218986C3cDa,,1,True,Piano King NFT,PK,1.0
0,0xeb3F32280190578Fa3df15A217A3e6e91C19e99C,,50,True,Piano King NFT,PK,25.0
0,0xD39E456c22EaBf3Ab0E58BdEEa269927C65f6263,,1394,False,LaMelo Ball Collectibles,LBC,2.0
0,0x9884D2BA91aCA5883DEC12DbB969c084a837Cebe,,3,True,Piano King NFT,PK,1.0
0,0xaabB4BC8AD1b3D56f61D8033939767D96a1C9bCc,,2,True,Piano King NFT,PK,2.0
0,0xCaE70E181189e0246b36254FF07Ee19EaaD0Df5D,,1,True,Piano King NFT,PK,1.0
0,0xB15CdBF4b7f695Fd21A26d0bE1AE9a70774890CB,,4,False,BlackPool Patches,BPPA,1.0
0,0xc7E1BF1Ae84B0194005f61f306d1934ef1ef76a7,,1,True,Piano King NFT,PK,1.0
0,0xe259990F549EbfaDBD058fe0C68a58E5169Ec3fD,,22,False,FND NFT,FNDNFT,6.0
0,0xB50dDDAbc967c5B82c1c110549570B31F46d8317,,952,False,TheAlienBoy,TABOY,1.0
0,0xc77e6F04536ac49CEf252a0a3858E992B152260E,,2,True,Piano King NFT,PK,2.0
0,0x3883f2377509D8533E2C443eC871c7993103f3b1,,2,False,CypherHumans,CH,1.0
0,0x2b538E17628E68703B9527D4A3951F093A11Cc76,,889,False,Slumdoge Billionaires,SDB,2.0
0,0xdEed4c8b5ae34B1a06D49AB1c0807d0d4C7b55EE,,22,False,The Doge Pound,DOGGY,1.0
0,0x52c4b0aa5E35868db84D8E503e7CB16dA82878Db,,1,True,Piano King NFT,PK,1.0
0,0x72Cd9E4C21921dCB78B9BE11dCfcb591476c59B1,,1,True,Piano King NFT,PK,1.0
0,0x797A6688A4f26b5904585ae877afAd3806733aC1,,28,False,PudgyChicks,Pudgy,1.0
0,0x3cCfA38a7D6Ccf049F8300C5127517D9A5dc1631,,3,True,Piano King NFT,PK,1.0
0,0x1b1ea5f6827467f1098AbC29428bfd014A774A71,,34,False,Ethereum Name Service,ENS,1.0
0,0xC53121EDC27A143708dC00e867F3AdAEfeF728EB,,3,False,Spooky Boys Country Club,sbcc,1.0
0,0x105a595AD13d79c76156EaD9d046a0Dcd01F221D,,1,True,Piano King NFT,PK,1.0
0,0xBFc2Ba89B7Df069A7DacB0C339898082465A7fbd,,1,True,Piano King NFT,PK,1.0
0,0x80BE846E7640876F793e3b06398a57Aa85B242e1,,3,True,Piano King NFT,PK,3.0
0,0xc8508921710Ec5A744D654b315A84B209B9b8847,,9,True,Piano King NFT,PK,9.0
0,0xe0BEF1a47e01D4110BFbE46E64a04e78099806Be,,1,True,Piano King NFT,PK,1.0
0,0xbB3727CbB1D83ecf3cB89131c52Be6bc851D6bE8,,43,False,Versov X NFT,SNEAKERS,1.0
0,0x9614e6620028133ced9E3b1bE6AcC59750ad5763,,2,False,Party Grandpa Retirement Club,PGRC,1.0
0,0x008aCB16845d2707BC40ecD5c47f3A9982EAAD35,,3,True,Piano King NFT,PK,3.0
0,0xaA935325BB9c3f012C4a87248406B645745025b5,,3,False,NAUGHTY FOX CLUB,NFC,1.0
0,0xfD5868f2161564A90475AF07a16cab6Bbe9612eB,,9,False,Rarible,RARI,6.0
0,0x094367D701bE65bf37d84965049C374B6A2cfd60,,4,False,Alien Secret Society,A$$,1.0
0,0x34fB99093CB4c724Ee213aA8F4D481eBA66F4C45,,19,False,Alien Secret Society,A$$,4.0
0,0x7D947214645Aa50C4F3010fC67F2951a85998De1,,2,False,Women and Weapons,WAW,1.0
0,0x56bA25154D079136b7e6185c7f946f73A03fbD06,,9,False,Party Ape Billionaire Club,PABC,1.0
0,0x1bc3e8eB3bdDDab67f54D3f8A4BCac8505E4456d,,10,True,Piano King NFT,PK,10.0
0,0xBFf9F0De82b45A827462C671E30f618B4876bf94,,2,False,Alien Secret Society,A$$,1.0
0,0x1e852af6ed8417D31086F42ea4E1EEB031FB3D7B,,59,False,The Doge Pound,DOGGY,3.0
0,0xb23C1e4Da7abF4AB1f83001Ae563B536aD4Cf13D,,1,True,Piano King NFT,PK,1.0
0,0x65DEd1D11e2De85464Fc4867258fAb584C4E7FA4,,8,False,Angry Apes United,AAU,1.0
0,0x94f21D7D808820e224448B82A2129E23b571827D,,1,True,Piano King NFT,PK,1.0
0,0xE7E480166053C7Bb4aF8F5C11304Add732C2037a,,25,False,APE HARMONY MONSTER CLUB,AHMC,10.0
0,0xF0CEec0547F16E18A51FB5009c003D6Cb9bb5a1E,,28,False,CryptoKitties,CK,1.0
0,0x88d141279170F1496D88D09C65cF8e7fFbdcA49b,,3,True,Piano King NFT,PK,3.0
0,0x96C0c83d71Cc18CF2536A91412De79C09a0f4621,,1,True,Piano King NFT,PK,1.0
0,0xa6c35e647BF26519Ca98595d70869b5bF8de787a,,20,False,Rarible,RARI,1.0
0,0xE08C9C6D238A732d6Bc25CE36b8144905b8d1B08,,1,True,Piano King NFT,PK,1.0
0,0xE71879304f842bffB76194aA8618fAe87FBF90Fe,,64,False,Ethereum Name Service,ENS,4.0
0,0x821eA072AdfcdC0D1a150d6913D4d108e089ebe5,,1,True,Piano King NFT,PK,1.0
0,0x383905F82150f3C094c1c8c155247C431e323f62,,3,False,Pixel Apes,Apes,2.0
0,0xC65F6ad819d97e43168D8f5EEF811c49558A0537,,1,True,Piano King NFT,PK,1.0
0,0x6Dbb26b52439EE3963E6A5f5B2F7E6897D841Ad6,,2,True,Piano King NFT,PK,1.0
0,0x814577578C3900aFde063C800a108A3741914165,,13,True,Piano King NFT,PK,13.0
0,0x0446993eb3617d533DCA742b17F67F80B4Af1Ad5,,3,False,Ethereum Name Service,ENS,2.0
0,0x9c12288ad0775998A34BbE3fc268e56CF10f166f,,1,True,Piano King NFT,PK,1.0
0,0xeF8305E140ac520225DAf050e2f71d5fBcC543e7,,25,False,Ethereum Name Service,ENS,1.0
0,0x0765B4016B5DBf92e6546f4Aea6CB99Bc0c64Bc6,,2,True,Piano King NFT,PK,2.0
0,0xFCFa06ABbe758fc06Aab849025C19E4Dbb65BA3D,,1,True,Piano King NFT,PK,1.0
0,0xcadaA91596F3E2aFA69a37F47a5C70a4e3765c00,,226,False,DeFi of Thrones,DoTxNFT,10.0
0,0xD0125Abb8517f2E60409D01835C94851e52eD17d,,2,False,RADSANTAS,SNTA,1.0
0,0x766a6923A62d062fa6Da59f91d9b669A85bc7B15,,2497,False,Misfit University Official,MU,5.0
0,0x8143de36900A0EA013D4Ca9f5Cab1EcDB9eCC026,,3,True,Piano King NFT,PK,3.0
0,0xa6fa33116FbE7770CB4c98F1654391E579274086,,3,True,Piano King NFT,PK,1.0
0,0x8A5d413D9929E193610a8E9C3B7e39d19872852E,,2,True,Piano King NFT,PK,2.0
0,0x9B16d1CA693577D51327c7E6a1D9A7c87455Da2d,,7,False,Ethereum Name Service,ENS,3.0
0,0x9Ea34736C6463e475Ab52E13bB78a42f7De9f288,,5,False,The Moon Boyz,MOONBOYZ,2.0
0,0x1D29102B5Cc6cE9e3f18ec44c9c9b24d6982649D,,4,True,Piano King NFT,PK,4.0
0,0xDb2Da59249B1d477E6CAc4A97C6D40fFcde52960,,4,True,Piano King NFT,PK,4.0
0,0xF8907570782C0eF24113114C153a76440705805A,,24,False,ANTIPODE// Open Edition by Zedd x Fvckrender,ANTIPODEOPENEDITIONBYZEDDXFVCKRENDER,1.0
0,0x39919Ec5eca78d504E2540426f78c0c994430d3c,,2,False,M101Shelter,M101Shelter,1.0
0,0x6391ef8Bf7A7bF18313E1a6679a7A191790278CC,,1,True,Piano King NFT,PK,1.0
0,0x8B288FBe2E2cD056975e2E55Bc2C01BA68D1c790,,22,False,MoonPass,MOONPASS,1.0
0,0xf7F65EB69FFc0D1Dc01535C09834350AB34dc466,,2,False,The Moon Boyz,MOONBOYZ,1.0
0,0x938fB35fa59619fE048dc2210BA32538BacbB9B7,,3,True,Piano King NFT,PK,1.0
0,0xC08eF180067011dB62a469BAC2e5E1a2C1F6F428,,5,False,WhattyClub,WHATTY,1.0
0,0xf408EE123dB4F0F55717705598E45c7801375FB5,,4,True,Piano King NFT,PK,2.0
0,0xC242ea1562C1B770c2b1DF119161174D86CF0CC5,,4,True,Piano King NFT,PK,4.0
0,0xCB50FFa2e4D33dDa408c3e81E5916DC88a22E1CF,,1,True,Piano King NFT,PK,1.0
0,0x82DF6f36d904E6a7Bce8574392cc1089C291bB77,,1,True,Piano King NFT,PK,1.0
0,0xe22dc3a3ac93069c9dc1f269E8ccd2Ee08c746E1,,3,True,Piano King NFT,PK,3.0
0,0xB9fB1A7a811990fF4184C9135C569B0e6BF39fFc,,1,True,Piano King NFT,PK,1.0
0,0xAde6f65084B09be6f9F9DddCfc941DE8Ed9B47BB,,9,False,10KTF,10KTF,2.0
0,0xD8f2E25Ba4eC83f7CcaF0D6B29c66f5cDCA39333,,1,True,Piano King NFT,PK,1.0
0,0x07de81869bA0766441aA770Ba456B770512e0650,,14,False,Art Blocks,BLOCKS,1.0
0,0x469Acf4EfA137315382337b7e3d2BA82F87616d1,,1,True,Piano King NFT,PK,1.0
0,0x7c6E0a56DdA839C10B00B34bBaAC263b6FB750fE,,1,True,Piano King NFT,PK,1.0
0,0x423f49167d7e4F3f04242ca560b206dC22Ce96e5,,3,True,Piano King NFT,PK,3.0
0,0x74bc304552197C498d36FB0B73EC8fD8b372C792,,1,True,Piano King NFT,PK,1.0
0,0xA11863332BC9c46477f76B4fFC0b67C9B0Eab201,,1,True,Piano King NFT,PK,1.0
0,0x1583E30af0EAeDCD798C8C860444eeFc62576eaF,,24,True,Piano King NFT,PK,5.0
0,0x9503f08eBD7D4399E45F56e1E6EC1c99A58F1EA2,,4,False,MekaVerse,MEKA,1.0
0,0x2FE7d0d460f729ED0E91A69fdFFD3F9fEf831397,,191,False,CryptoKitties,CK,4.0
0,0xEdb88D552f8E0379d588d36AA822cE1A60D9f372,,1,True,Piano King NFT,PK,1.0
0,0xE113381B352A68F07c7eFB98A61d5c188fF3a75E,,21,False,Blockchain Miners Club,BMC,1.0
0,0x8d6c63cCD2F6d156d8d57845c20822eF245b0A7E,,3,False,MethodNFT,MTHDNFT,1.0
0,0x679506C4053214d54AaF718dc4A853d015738466,,2,True,Piano King NFT,PK,1.0
0,0x12Ee3c3cF49E31925E2f3e8dBD5749FCFC5f921f,,24,False,Ethereum Name Service,ENS,4.0
0,0x49D2F34dC3a142Fe3b6F0af30592554551F3324F,,2,True,Piano King NFT,PK,2.0
0,0xfF979399769a410A9C8F0a89250AA6f0D82b9043,,2,True,Piano King NFT,PK,2.0
0,0xE99B6D5B60ddFD9CD83e30d4842D50abDab74774,,4,False,Crazy Camels,Camel,1.0
0,0x12386c377202537be2ac3FCdD514567AAd94b6B1,,3,False,Ethereum Name Service,ENS,2.0
0,0x9A620E7a760E77B6Aa097F86a63cCD69601A776c,,2,False,Toxic Lake Monster,TOX,1.0
0,0x128705585B52C9Ea1AAd9Ec17a19e7d9aE8BD888,,2,True,Piano King NFT,PK,1.0
0,0x28F9B6b0beb0F42145d21FA5533b459741ab96D2,,2,True,Piano King NFT,PK,1.0
0,0xe7b3d473411dd530D7889805e148b738F2236E6d,,31,False,CyberKongz,KONGZ,1.0
0,0x22A371116dD14F732113A36FF0BcF3E82315bD5F,,6,False,MetaBillionaire,MB,5.0
0,0x2993d9C63e31f1b64eD0B25E33024e2a75ddE70E,,1,True,Piano King NFT,PK,1.0
0,0x3380b94D3C4cF1de61f69D7437Ff8e8DeA39a46E,,1,True,Piano King NFT,PK,1.0
0,0x350a081520192adce41cfd039b237ad2b5b88124,,11,False,PolkamonOfficialCollection,PMONC,1.0
0,0x79fbc551aeDF4066430b669619B19DbE4A4D27fc,,1,True,Piano King NFT,PK,1.0
0,0xc998b5B9BC8D634e3282609a25A2D57ad77Fd925,,1,True,Piano King NFT,PK,1.0
0,0x0749098996b3e01C4833b0FCEc400C95F5e1dF99,,47,False,VeeFriends,VFT,10.0
0,0x2893adb632381be431A9f0f1A3A25DFb18b5a226,,9,True,Piano King NFT,PK,9.0
0,0x61c4422ff27c791b72744fF7D5276762bE8cE990,,2,True,Piano King NFT,PK,2.0
0,0xcf853e6d3bC641BD9203dAaA9Ca8Acdd4070eA1a,,1,True,Piano King NFT,PK,1.0
0,0x9dE53B58e1C5Cf53562576EE8ecd01C062a24356,,42,False,MoonPass,MOONPASS,1.0
0,0x4f996F3D47833a42cB58402Cf26376635bf6AD3b,,2,True,Piano King NFT,PK,2.0
0,0x5806f01e3196a81Aeb72eEE0dE9F47A52bC1B232,,1,True,Piano King NFT,PK,1.0
0,0x93e40701B417613508389e36d966589093861E3b,,1,True,Piano King NFT,PK,1.0
0,0x18a2D73030d872A6Bf6c09520E3819AeD598f939,,3,True,Piano King NFT,PK,3.0
0,0x519dDA506cF7F99247beAeD31c33865788567Fba,,88,False,Crop Clash,CROP,2.0
0,0xBB28A46c7723621e21693d63D7EC843be84E531A,,5,False,Creatoons,Toons,1.0
0,0xcd3C61Bc71965aF6429f65093F430855fb5C042e,,1,True,Piano King NFT,PK,1.0
0,0x94Ef99d2de6dc24d81824aA0F973d95eBA9C587a,,21,False,CryptoTrunks,CT,1.0
0,0x453272b9cd9AE73E4Dd61522a545E7d07220039D,,5,False,Unity Cards,UNITY,1.0
0,0x36a027Bf821dF437a7C128426041d1eCAe07FAe3,,1,True,Piano King NFT,PK,1.0
0,0x170248186a58De1333048C1EB5f2d3B39e8C9652,,1,True,Piano King NFT,PK,1.0
0,0x4aE150A8de4391DfC8eBdD9cac19D611E1163E45,,1,True,Piano King NFT,PK,1.0
0,0xd23d2052a2E793bFEb8432E70B9EcdCc59F52155,,10,False,Crazy Camels,Camel,1.0
0,0x48fFbBefC6609716AAb7a5F25939449fE9E0077E,,11,False,Astroheads,Astro,2.0
0,0x473174a21C1d02B874Ca14EA1727C3854670dD93,,1,True,Piano King NFT,PK,1.0
0,0x421D9270e977A92Ce7Ff738f7072F46338169219,,1,True,Piano King NFT,PK,1.0
0,0x1Eb9D964aDA6a68A5e3E4a8E2ec5F53656ad5026,,62,False,CryptoKitties,CK,3.0
0,0x9694737c582060543ea40307b56E4Ed050D7BcF8,,1,True,Piano King NFT,PK,1.0
0,0x1b56dD87127a4D6ffFDd93cBAcf7abf4A235e7aD,,6,True,Piano King NFT,PK,3.0
0,0x8332C9c551e658fc172B55fB6093346F157B99b1,,8,False,BarnBridge aUSDC jBOND,bb_jBOND_aUSDC,1.0
0,0xebF9A9B0fddA82dD3eB49f2c247679b4F9E818e6,,2,True,Piano King NFT,PK,2.0
0,0x9B700fd4de34Da831355A292ccd764c67D4fDF19,,2,True,Piano King NFT,PK,2.0
0,0xC6565F1CE3E6E5d97838f45EF0c9579c12Fe773C,,1,True,Piano King NFT,PK,1.0
0,0x7F01BC6f389eDBECd7d109F1885b8bDbd3D5Fc70,,1,True,Piano King NFT,PK,1.0
0,0xc4361d091eddBE4e0cc9A6FFE750121963FC7A41,,3,True,Piano King NFT,PK,1.0
0,0xc20b5122ed4A4E06A6b8CE9bdb75Ea6adf80B1ad,,1,True,Piano King NFT,PK,1.0
0,0xAC2c16Ae1A329044120afD9658E0c4F757fA26F5,,2,True,Piano King NFT,PK,1.0
0,0x14c911aDab8846126DCfD8635895A93832067dA1,,1,True,Piano King NFT,PK,1.0
0,0x3602D2857d9CbF8d708670E6584D883Eee33a2E2,,2,True,Piano King NFT,PK,2.0
0,0x2FdDE6A3f9075CD0F57F44759764295B93fF87F0,,1,True,Piano King NFT,PK,1.0
0,0x67168A0Ca747B3118480E14843bff587071EF8Ff,,29,False,Goobers,GOOBERS,1.0
0,0x917141fE8055145f46771AE8de64bfc7A0Caf471,,1,True,Piano King NFT,PK,1.0
0,0x4592694fbEaA179282c100Dc20102280CAb40390,,21,False,Rogue Society Bots,RSB,2.0
0,0x85eD8ec7319D6aC79f3788fa4704a6a876Ff2163,,2,True,Piano King NFT,PK,1.0
0,0xf60270F480e0BC24AeAbBB5337095Af15E3928f0,,1,True,Piano King NFT,PK,1.0
0,0xE78CBd3480C51D9f1e7cbd7e661A4C2316dfaf50,,13,False,Elite Doge Club,EDC,3.0
0,0x298eb7679D7a90dC6CFF42B110D4395801c4Da84,,10,True,Piano King NFT,PK,10.0
0,0x9C5864eEC094c80c27BBD867feEBFfEC530C9B33,,1,True,Piano King NFT,PK,1.0
0,0x99599Eb15e86c4aA5eBb440C49614BE0dd901603,,1,True,Piano King NFT,PK,1.0
0,0xaF260914666Edae4D0ADd2dd4C70a36179Ed977E,,13,True,Piano King NFT,PK,13.0
0,0x7868c2e52cF74075C5f53a2F44f6f6A53b836D37,,1,True,Piano King NFT,PK,1.0
0,0x3F9D676E169b71B59614fFb8dD456aC912100bE2,,1,True,Piano King NFT,PK,1.0
0,0xA91dD4507106a793350a52B91F9f7cCeD816f1dE,,4,True,Piano King NFT,PK,2.0
0,0xC6d11044cEbC9233A1DD49C39AB575900cF059Ae,,11,False,CryptoKitties,CK,2.0
0,0x15397a547AaCCC92a9995e66570a81E6E0b3A6EE,,2,True,Piano King NFT,PK,2.0
0,0xD454624FDe2715C177a0D1f8FF29180084A3d00E,,4,False,MoonPass,MOONPASS,1.0
0,0x7264467Fd4138a9E5760c52C836726406AB699D2,,2,False,Lazy Bunny NFT,LBNFT,1.0
0,0xe953Fb3d54969754491dbEAE110b0460f5a2cBCE,,3,True,Piano King NFT,PK,1.0
0,0xfBa28CC5CE6bc18c2033CB80596ab5073d363F00,,3,True,Piano King NFT,PK,3.0
0,0xD1BBC62eF368cfFe0ff0f9D3a6E99e6ab94bE114,,13,False,BoredApeYachtClub,BAYC,2.0
0,0xa95eD310556b92a1344E594F88369729aBBd4E7C,,1,True,Piano King NFT,PK,1.0
0,0xb0051888D8CE63c5AC1E511e497838f916a47488,,7,False,Lazy Bunny NFT,LBNFT,1.0
0,0x023796028fE14A9E36eFdCA38E4C0260e4d87E75,,1,True,Piano King NFT,PK,1.0
0,0x16350e64fb6Ca2680966422B7ea04dcB2E1eEF9c,,22,False,The Doge Pound,DOGGY,1.0
0,0x9ef2270Fab8E37fFF917BEefe94E75dd9156361F,,1,True,Piano King NFT,PK,1.0
0,0xCe76b66154B7a210686ee956f6737213a6993383,,5,False,Ethereum Name Service,ENS,1.0
0,0xeb3c6a3d885F4C062f4d8F2eC178D9caEd909d35,,3,False,Alien Secret Society,A$$,1.0
0,0xF27ad2D99De14F2bB644Fd6ec27A263a5e371d92,,1,True,Piano King NFT,PK,1.0
0,0xEE129A84C951Da6A843613D2b9D162D945f1DA1c,,1,True,Piano King NFT,PK,1.0
0,0xa36869cab58610129Cc74bAc2d0E0535f76C8052,,2,True,Piano King NFT,PK,2.0
0,0x48E1f89Af138f9C3c381c9fEf3E931C76b6303F5,,1,True,Piano King NFT,PK,1.0
0,0x65d3542dB77BefB521F7e305a0d0Af28534d7f69,,1,True,Piano King NFT,PK,1.0
0,0x2A3eb05D819CdeB7fF44c533DD9A99Ef43f3bf04,,4,True,Piano King NFT,PK,4.0
0,0x13F3Fa38FF10F352301A0458Facc18BB710967E7,,1,True,Piano King NFT,PK,1.0
0,0xf5f53D4add9CAd65859F3E14f5F0C65061F9bfDF,,1,True,Piano King NFT,PK,1.0
0,0x3292D4643aC99327e591c0A75e9eF679B064fA9C,,2,True,Piano King NFT,PK,1.0
0,0x53A6028170f80C2E5Ed459AA9F19BA4BC59cDD30,,1,True,Piano King NFT,PK,1.0
0,0x381b18aedD80412CfA5D87caEe9BfD8E327A67fE,,1,True,Piano King NFT,PK,1.0
0,0x28BfFC45297F4Ad7964d191c57417e96dDEe8f5c,,1,True,Piano King NFT,PK,1.0
0,0xbCdb20319C75486F6DEb9D1EdFD39eB2DFdc3B7a,,1,True,Piano King NFT,PK,1.0
0,0xA79B465A7611f9c3C0A07b75f3f534d3276970B1,,1,True,Piano King NFT,PK,1.0
0,0xAD3035039EeaC777e4B4d4549ed1e0Cd25D3b8B8,,8,True,Piano King NFT,PK,2.0
0,0x9C1a3Ebf00D5436582177548599FB897290480d0,,6,True,Piano King NFT,PK,1.0
0,0x1566F5574B9092B794DC5bdC5a3E566B2720a33C,,1,True,Piano King NFT,PK,1.0
0,0x2820c8d5F00875Eb275dA04562b18A9a90D7e709,,1,True,Piano King NFT,PK,1.0
0,0x5501C4Bbe30f404FC1cA2C27AD075D6AD193bEf8,,4,False,Rarible,RARI,1.0
0,0x759503401f75AFd8A63cf95757cdd7df543A4D27,,3,True,Piano King NFT,PK,1.0
0,0xacc013315c848293A57641486aEB707e302cBdb5,,112,False,Big Brain Society,BBS,2.0
0,0xd8ab81EAF6B738026c7605DE86453f067D7783ad,,2,True,Piano King NFT,PK,1.0
0,0x7364aBAC5bE8f12c5a337ac5eC8e883dc4032912,,5,True,Piano King NFT,PK,2.0
0,0x63b7EFa47EA73260D0e81D2b743e6f2B323780eB,,1,True,Piano King NFT,PK,1.0
0,0x4dC5Ea211E424cE66dD451A7Ac3BfdB99eb1889B,,5,False,CryptoJunks,JUNK,1.0
0,0xeea87014C258A4b172f9A62f1934B610721Bf130,,4,True,Piano King NFT,PK,4.0
0,0x7E7F99D07b6D11DB35344c7963f85C55d17F86B1,,6,True,Piano King NFT,PK,6.0
0,0x497c39976bAF91146454E3023142Ade2f4fc61d1,,1,True,Piano King NFT,PK,1.0
0,0x05e8e15C758186b723384Ed73725B65D57DAB579,,1,True,Piano King NFT,PK,1.0
0,0x7Fa414c31B3FD9644ea8D4ACF4cDDb8f0c691568,,5,True,Piano King NFT,PK,4.0
0,0x6cC7Fca904382bC31c1F4a50413826bce4e90D76,,4,True,Piano King NFT,PK,4.0
0,0x8f72eCb15150bA525021EdA0e25fEEAB3E3F759F,,3,True,Piano King NFT,PK,3.0
0,0x52B92804D1d36B65c90182F97dEF4ADBBb4BD7C0,,10,True,Piano King NFT,PK,10.0
0,0xCE5a73ffC26F2DED00E3f617f83834d329aBD68E,,15,False,Party Ape Billionaire Club,PABC,2.0
0,0x2156Fcc30cA1b1065592547fEF6891bcBde6b615,,2,True,Piano King NFT,PK,1.0
0,0x2272e07f0e8B0fE05Ade0B3eE96A157fe29De0D5,,11,False,MetaBillionaire,MB,1.0
0,0xe422047Cf234E7c91aE89667fcDBD8A5B22bda95,,6,False,Ethereum Name Service,ENS,1.0
0,0x4D5A1C57f3E4e1cEB5bC1cbc1a19BB66AF8AB894,,6,True,Piano King NFT,PK,6.0
0,0x66c2729a97e7024ca17a1e7209Db04EA1a73712D,,9,False,Slotie,SLOTIE,1.0
0,0x21a02b630119111E4343Ad00E10e74EB4683e046,,4,False,Meta-Legends,ML,1.0
0,0x89FCf8ED6d49ef131AE27a82bAe14D0050cb45a5,,1,True,Piano King NFT,PK,1.0
0,0x9D10b9175Dddc0a2d16773915728886c8e0c2b0d,,1,True,Piano King NFT,PK,1.0
0,0xbE1E36CB9310cE6391A0e50A66B4cf7d272720b7,,1,True,Piano King NFT,PK,1.0
0,0xaAfcae2A6092f007b889b1E8b73041c576BD0aaD,,4,True,Piano King NFT,PK,4.0
0,0x647eb74A5135A0F24bEee3c2d8432ADCBB32c2a8,,41,False,FND NFT,FNDNFT,1.0
0,0xAF718177444a90a70AA97E2F2f8F40b9cAE04746,,1,True,Piano King NFT,PK,1.0
0,0x93c4F12FEDA530D4B8ef925bADd0140EFD233E44,,3,True,Piano King NFT,PK,3.0
0,0x8967Fb08391581498C27113733114677a0685638,,1,True,Piano King NFT,PK,1.0
0,0xFD7941a4e1Cc69984527E5f9e0176FAeF33DfA33,,2,True,Piano King NFT,PK,2.0
0,0xfA2ace356cd534ED28C3FbA8048dE7f4b310A4E4,,2,True,Piano King NFT,PK,2.0
0,0x896C18BB5A2d69c6e94c983027818687830FD7B1,,24,False,Wicked Apes,WKDAPE,5.0
0,0xE632CA3645E2b24fB3d1a0938d6F6f0b5fd4a62C,,1,True,Piano King NFT,PK,1.0
0,0xE43d5a4751f6DcD2217D634e257a9395e7c57311,,2,False,Art Blocks,BLOCKS,1.0
0,0x397027047E1BC26cDFF2F70591bcF5e2745Cc263,,1,True,Piano King NFT,PK,1.0
0,0xadB97565d4dFD8B4dFBd1E3fB209Ef4fA10e30F3,,1,True,Piano King NFT,PK,1.0
0,0x4Be55aFa6C5Ef1c4bECDc416Ef1C91FC61193BeA,,1,True,Piano King NFT,PK,1.0
0,0x027c5AF6D4Bc36C1c4B4808F62Ed5026C2F87E3D,,21,False,The Evolving Forest,EF,2.0
0,0xfe6474CB60d7a3771cd436fc9893f78dA7B8D7Bc,,221,False,Ethereum Name Service,ENS,1.0
0,0x1317916e5fc57ca7ae90B7eC00e58B993aa9d008,,2,True,Piano King NFT,PK,2.0
0,0xb2F7577cBf1653aB74DC2d0a78D814Cec4d37b2D,,2,True,Piano King NFT,PK,2.0
0,0xFc204F03A03e44e20Fd0c3dA1925383D7374728A,,2,True,Piano King NFT,PK,2.0
0,0x682BeCE9c6084d6167b870010dC5B1e7a62F1cAa,,19,False,PyMons,PYMON,2.0
0,0xED7eCa40B4d89B4fD3374Ac538796BEa7C27Ad2C,,4,False,Savan,SAVAN,1.0
0,0x528c0C6B412C50c4E4e5a685deCBdd108a67412A,,8,False,Al Cabones,ACBN,2.0
0,0x28AFD58570b65641C7cF15f158f6f14B910E7576,,3,True,Piano King NFT,PK,2.0
0,0x57ac79a6b2725714085e669B85Cb4486BB25Ee3B,,3,False,The Moon Boyz,MOONBOYZ,1.0
0,0x6BeE17209DbcAcDee3B44A56Dc3320D555Bedc10,,4,False,SOLOS,SOLOS,1.0
0,0x239D4f7ea7a53911E8d355bFdDd7D376086A5383,,2,True,Piano King NFT,PK,2.0
0,0xb2104b84c8Be8792c147871F30EfF26ae6546615,,1,True,Piano King NFT,PK,1.0
0,0x0b688eEC487f7E7f92fd606b9a082A6F7b01ee59,,2,True,Piano King NFT,PK,2.0
0,0x931dD881693cddB24FeA1722238D7750babf89BA,,2,True,Piano King NFT,PK,2.0
0,0xF4bE1F79Dae8aA489bD1CA769710AF0FD41F313d,,1,True,Piano King NFT,PK,1.0
0,0x2F8E2E671E8B2705058CF13C0B5B5650104E70b6,,48,False,MekaVerse,MEKA,2.0
0,0xa673A787C11916381cc32A55eBA70016961c994E,,31,False,Savan,SAVAN,1.0
0,0x0083D41f4023b7e496F0B2aaCCDeb54CB1754E90,,2,False,The Winkybots,WBOT,1.0
0,0x32E2cA1865c8a419290c115D33d681AE333EBd09,,9,False,DorkyDucks,DORKYDUCKS,2.0
0,0x06cc5c06b443A1Bc2d5835bCE0a6dDacCAE1a48F,,1,True,Piano King NFT,PK,1.0
0,0x327d3a5930018700de6B73765e46BbC39ABE5371,,1,True,Piano King NFT,PK,1.0
0,0x8800CC8ca4f18b90a0e91dB39357dC461ed233BE,,1,True,Piano King NFT,PK,1.0
0,0xd643167Bb8c83ef2A22C20fAD0d730DaC1d9cB31,,1,True,Piano King NFT,PK,1.0
0,0x2b8269C60199f19fDEC3fFe88bBC4B2CF4fb506c,,1,True,Piano King NFT,PK,1.0
0,0xA2f755201c385C6fE28b282594165c33c0a39E7A,,3,True,Piano King NFT,PK,3.0
0,0x9e8811e193E8b893595925B9bc752517049B0486,,1,True,Piano King NFT,PK,1.0
0,0x7bad5efCe2f8965b2642DC0BDaDcde3F2172c5d5,,1,True,Piano King NFT,PK,1.0
0,0x99AB25f10260AedA99f23631D4cc97672c306e8C,,1,True,Piano King NFT,PK,1.0
0,0xa8b10f16CD1A1a7A3043fBeD0Fc744931Adc523e,,1,True,Piano King NFT,PK,1.0
0,0x42D24078d38E9a93982fCebeAf6a2FD8E09775c1,,2,True,Piano King NFT,PK,1.0
0,0x2238b0F3A3B6854c1304a053B415c9685b9d69F3,,2,True,Piano King NFT,PK,2.0
0,0xb6a669a09AaCDaFa14912c4e50bfD420bB3348fb,,1,True,Piano King NFT,PK,1.0
0,0x3Fc54E08CE0ea0215999112e20164f2bFC3d3a4c,,1,True,Piano King NFT,PK,1.0
0,0x2897958f27EF55067E39afd882F2F5695D266E98,,23,False,Uniswap V3: Positions NFT,UNI-V3-POS,10.0
0,0x13aab2E44c36Fe95420a1EDBA6e87d0462977Ac7,,1,True,Piano King NFT,PK,1.0
0,0x407D6F8346B6f6133475dA8fB45aE1e9eEf3c186,,2,False,Alien Secret Society,A$$,1.0
0,0x5C667822462BEd7EE684f5D64E5728041933Ae18,,10,False,Art Blocks,BLOCKS,9.0
0,0x13b4d9A1db7F803e4F6c21307C675cD221B8a229,,7,True,Piano King NFT,PK,2.0
0,0x575972fDe7f06e160F781173d652efd15Ef36Ea3,,1,True,Piano King NFT,PK,1.0
0,0x65A255A6F8F48c71a2A0BC987A0CbC4c2446606b,,1,True,Piano King NFT,PK,1.0
0,0x1A22Ddc649Cb6deDfc4f3c2FE3DFf2528DFFAc11,,11,False,Rogue Society Bots,RSB,1.0
0,0xDBaA8c9225D8442Abec720C7F8e42b9D8feBfdfA,,2,True,Piano King NFT,PK,2.0
0,0x988A373Bc4cCaDBc98992B979b4A7C57BE73bA3A,,2,True,Piano King NFT,PK,2.0
0,0x6b776C836b53e49F5e21902601e1b338f61E936e,,2,False,Unity Cards,UNITY,1.0
0,0x8A5eCdfe74381649866a1936faC66f62a65B2e91,,2,True,Piano King NFT,PK,2.0
0,0x91fC2c03a747B77f6647e7eeec9b39ac3f4628E0,,1,True,Piano King NFT,PK,1.0
0,0xaB8BB008f266D6A7DbA16896C0Caf3E57Fdb6152,,12,False,Party Ape Billionaire Club,PABC,2.0
0,0x74876EAE8649efA0006f907EDe4105A2354F6BA7,,2,False,SoulwareOrigins,SWO,1.0
0,0xfdD02aDD7c68aEE02b0df15905Eb3899A7a26da9,,6,True,Piano King NFT,PK,5.0
0,0x364B590Cdfe25654CFA075071A03804f686f639b,,2,True,Piano King NFT,PK,2.0
0,0xD1F54e4434909536f528487A528032B33a014dBe,,2,True,Piano King NFT,PK,2.0
0,0x356D75A15705b115A47DDbF673433FA3592a9B41,,1,True,Piano King NFT,PK,1.0
0,0x7310d42981c55BdD557F383A5AD8857bf45055a0,,1,True,Piano King NFT,PK,1.0
0,0x3b18e2B219C8dE095DBBb660dBD8F435A5FC9cb5,,1,True,Piano King NFT,PK,1.0
0,0xE955a6B574b7BA8Fbb33BA883ba18955889E4631,,2,True,Piano King NFT,PK,1.0
0,0x0295E4483Aa21a2dE71993F3d6d9CBB2b7835698,,1,True,Piano King NFT,PK,1.0
0,0x3AFf17C8f6022706848BafC3BA47205D2Ffa5f12,,10,True,Piano King NFT,PK,10.0
0,0x23C625789c391463997267BDD8b21e5E266014F6,,7,False,Dynamic Duelers,HEROES,1.0
0,0xA154E0d13f04c825D6b822799Fa6b9640b5CA932,,1,True,Piano King NFT,PK,1.0
0,0xa8f9bB4fdDb83F2d40cF911F71C92EF6B3b745A8,,5,True,Piano King NFT,PK,5.0
0,0x41ffBc54b9F9BF70281E92A0b2235B9E8ACda0aB,,1,True,Piano King NFT,PK,1.0
0,0xB45fEcF8215ED28ceC3F083c74dEfA1d773Af5E9,,1,True,Piano King NFT,PK,1.0
0,0x7025dFdB22c64F68C361905C462a0776C1291c57,,24,True,Piano King NFT,PK,24.0
0,0xbBCc5132496e6E082567527cE369e429641Fb040,,1,True,Piano King NFT,PK,1.0
0,0x9Fc85A295B2de9a9c2A86A144f42C7356BB3bB15,,1,True,Piano King NFT,PK,1.0
0,0xCB065bB354F22Cf0A235c4b9F7E5E2dfB0fF9542,,2,True,Piano King NFT,PK,2.0
0,0x3a5B2322C34205A4f744D1019Ad1a102807D383B,,5,False,Unstoppable Domains,UD,2.0
0,0xFefA59AFDc25F6916dA3Bc5aA0F8C56578770c9F,,1,True,Piano King NFT,PK,1.0
0,0x29dAFbA739857c9A01C9968910CF00b491c85961,,3,True,Piano King NFT,PK,3.0
0,0xA13209446d72562faE56EcBc4baD20c812B2A69A,,2,True,Piano King NFT,PK,2.0
0,0xaC9869eBb3CaAa7b8946acAb0b915dd160B62d1d,,2,True,Piano King NFT,PK,2.0
0,0xcC93C9Ae984Afd5A0912643EE586542b9185A246,,2,True,Piano King NFT,PK,2.0
0,0xBabEF03eFfb2d141537E631c06500B81D1dA4bdB,,2,True,Piano King NFT,PK,2.0
0,0xE0C8E38f9d70Fc09190D699a6Bb90C38b94eE909,,8,True,Piano King NFT,PK,8.0
0,0x8686BD221CF02Baa79850b48982174b14C3aABe1,,2,True,Piano King NFT,PK,2.0
0,0x737010D5C101C770e63bcc8170d09B9489504373,,1,True,Piano King NFT,PK,1.0
0,0xc2d5eD5Fad9fF717216e2C679c17653376f48A30,,1,True,Piano King NFT,PK,1.0
0,0x56EB806B592d0B0Ae8Bd98eB2F0dd73912c6B73A,,1,True,Piano King NFT,PK,1.0
0,0x2338F0388b213Fe3805498249fE6Fe7c41e8900A,,16,False,The Moon Boyz,MOONBOYZ,1.0
0,0xA030dB8610822f215f90ec17c26d681FcA627ffA,,14,False,The Moon Boyz,MOONBOYZ,1.0
0,0x352B9C70aeEB5ce35d6331ae8072A44842Ba5E5f,,1,True,Piano King NFT,PK,1.0
0,0x313E1AD5b64D102e64A9F558A60c33A227544e0F,,30,False,MetaBillionaire,MB,25.0
0,0x54d84975507E87B017161722cb928cFf74F1e8Da,,2,True,Piano King NFT,PK,2.0
0,0xdbb9e9f794d613b18bcBFE737f7053B4561b1a07,,5,True,Piano King NFT,PK,5.0
0,0xa426EB962Ce57EE3ddA5558c3611Cb4F32B3c0b9,,2,True,Piano King NFT,PK,1.0
0,0x08e1D92F23006d41e08F7D7603ec55c2123892Dd,,6,True,Piano King NFT,PK,1.0
0,0x5C62662aE451b9dbf1a4C8cC420De2083EC5c126,,3,False,DNAME,DecentraName,2.0
0,0x463E0323be23845efe1DA39207a50E0Cbfc06e51,,1,True,Piano King NFT,PK,1.0
0,0x5ED8C1e7ab703758bb347f4312dC89Fe4816734b,,2,True,Piano King NFT,PK,2.0
0,0x2586C67342fEA44f0611e657ad68bd5643040964,,1,True,Piano King NFT,PK,1.0
0,0x23068a2bd006dD48b0D3c8194aff955cB8325E53,,5,True,Piano King NFT,PK,5.0
0,0xDc7a04b02b85235251075a74f5484F822C452667,,2,True,Piano King NFT,PK,2.0
0,0x723678CaFD80268895f82060FBf857A65D1EE97c,,1,True,Piano King NFT,PK,1.0
0,0xAa136Cd82358eb3cFb2A36aC052A64Dc46A0eA42,,2,True,Piano King NFT,PK,2.0
0,0x49A34c3b3D049Da01730cACAC0AFdF18E8e9b1b4,,1,True,Piano King NFT,PK,1.0
0,0x1F6D5DC05c075fAf810d2abC55cE56eF4A357f30,,1,True,Piano King NFT,PK,1.0
0,0xE4Abc24b5A6732a8945A85B768B4a3120CB2E37C,,21,False,Entrope,*,3.0
0,0x4B96f5f2F2AF57e8b5F4D92072ED9d58Ad48cafd,,1,True,Piano King NFT,PK,1.0
0,0x0f50220d732A8B0848F3A1BE474a58B02F8E577C,,1,True,Piano King NFT,PK,1.0
0,0x73f0fD65FEFA5bCe3671b487b19b18385CB91859,,1,True,Piano King NFT,PK,1.0
0,0x8F5a668f797bA9897627B68DA8A22E0ed2fb57A3,,1,True,Piano King NFT,PK,1.0
0,0x1f30f9438b3Afe353D4712474c9E8Cab8941a4ef,,2,True,Piano King NFT,PK,2.0
0,0x08a886fDB462285bdD7ce253DC8e186c15536B9E,,2,True,Piano King NFT,PK,2.0
0,0x4b11D6773d93d8889E1C6cAbD9C67140ef528669,,2,True,Piano King NFT,PK,2.0
0,0x66B8F7784A3A349DE656c20af0AD241E88271aa2,,7,False,Jay Pegs Auto Mart,JPAM,1.0
0,0x6dc4eBbfF1d44D52443B06AF45b24B9A0b16A4d6,,1,True,Piano King NFT,PK,1.0
0,0xB4ebaD2B16a9d50C3d9EAB49AfbDc1b00199F50E,,1,True,Piano King NFT,PK,1.0
0,0xfeA83A88554E6E913f15d50da168F11c00549705,,1,True,Piano King NFT,PK,1.0
0,0x50eBe27620Ce4Ce8cf31943E1aBF58Ac2bF74fED,,5,True,Piano King NFT,PK,5.0
0,0x15d525F769E72085fF4B622E838e4270d0fC6121,,2,False,Party Grandpa Retirement Club,PGRC,1.0
0,0xd2b13Df895F1B532CADf101975fA515Df2b8344D,,2,True,Piano King NFT,PK,1.0
0,0xC207888E2ad7B5A823ed3eCc488BA73DBd25e281,,2,False,Rarible,RARI,1.0
0,0xa7dAd09AE5b851181F52e4551870694a118AE985,,1,True,Piano King NFT,PK,1.0
0,0x9179b94D5c883B77EDE97c56d9784FD4d31C7D66,,1,True,Piano King NFT,PK,1.0
0,0x16C3a5D745B7Be7CCD140d68F656d8c4419CF12f,,2,False,VeeFriends,VFT,1.0
0,0x610a50BE24AC783592E288bd462B63a80278cC11,,2,True,Piano King NFT,PK,2.0
0,0xCDdb2F85f2881103302eA44223D0049B66C239c3,,2,False,EMETH,EMETH,1.0
0,0xDB346Ff9A8204C90dA8019ad25Db75a5E07FaCbD,,6,True,Piano King NFT,PK,3.0
0,0x12F1d06ca47c7B056487269065580f8ff7C04316,,1,True,Piano King NFT,PK,1.0
0,0x29a5Dbe6a95f2C49918598236e5568898a8e1Dbc,,1,True,Piano King NFT,PK,1.0
0,0xF4aCC1ed6E32e3B043295CA16003E2F64F50D117,,41,False,Gods Unchained Cards,CARD,25.0
0,0x442FA40d64Ed28758E84e69aF827b9B2608D44c7,,32,False,Bricktopians,BTP,25.0
0,0x40ef7Db7229Ee2a748931439b31cF741fE0C09FB,,10,False,Lonely Frog Lambo Club,LFLC,1.0
0,0xF23984f89Ad0181988C3F1F700Fae29EbA0D16aA,,1,True,Piano King NFT,PK,1.0
0,0xf36710F7735EFE097f27d9fF347A72C40e8c3dCD,,11,True,Piano King NFT,PK,10.0
0,0x95B043e70b6FEce9B4ED4a28c5e4ac9Bffa28Da8,,278,False,Rarible,RARI,2.0
0,0x516C6d173917c996C2E92bb54c1D14b2cD269456,,3,True,Piano King NFT,PK,1.0
0,0x53614bD49bAF8A1d9D462D77dce0CAF7Ed596D7a,,2,True,Piano King NFT,PK,2.0
