,Event,Price,From,To,DateFormat,TokenID
0,Offer,"0,25",385CD6,,2021-12-09,1.0
1,Minted,,NullAddress,JCPieri,2021-12-07,1.0
2,List,"0,3",Montagu,,2021-12-12,2.0
3,List,"0,3",Montagu,,2021-12-09,2.0
4,List,"0,5",Montagu,,2021-12-08,2.0
5,List,1,Montagu,,2021-12-08,2.0
6,Minted,,NullAddress,Montagu,2021-12-07,2.0
7,Minted,,NullAddress,DBB9E9,2021-12-07,3.0
8,Minted,,NullAddress,298EB7,2021-12-07,4.0
9,Transfer,,385CD6,The_Grand_Duke,2021-12-08,5.0
10,Minted,,NullAddress,385CD6,2021-12-07,5.0
11,Minted,,NullAddress,7025DF,2021-12-07,6.0
12,Minted,,NullAddress,Lazzher,2021-12-07,7.0
13,Minted,,NullAddress,NFTbaguette,2021-12-07,8.0
14,Minted,,NullAddress,CryptoGroup,2021-12-07,9.0
15,Minted,,NullAddress,le_moods,2021-12-07,10.0
16,Minted,,NullAddress,ZelNFT,2021-12-07,11.0
17,Minted,,NullAddress,Shauw,2021-12-07,12.0
18,Minted,,NullAddress,814577,2021-12-07,13.0
19,Minted,,NullAddress,442FA4,2021-12-07,14.0
20,Minted,,NullAddress,8F72EC,2021-12-07,15.0
21,Minted,,NullAddress,Ant1-83,2021-12-07,16.0
22,Minted,,NullAddress,1F30F9,2021-12-07,17.0
23,Minted,,NullAddress,Dr_Sly_,2021-12-07,18.0
24,Transfer,,EB3F32,A697F6,2021-12-11,19.0
25,Minted,,NullAddress,EB3F32,2021-12-07,19.0
26,Minted,,NullAddress,C2D5ED,2021-12-07,20.0
27,Minted,,NullAddress,GrandpaCed,2021-12-07,21.0
28,Minted,,NullAddress,pianoking,2021-12-07,22.0
29,Minted,,NullAddress,3AFF17,2021-12-07,23.0
30,Minted,,NullAddress,49D2F3,2021-12-07,24.0
31,Minted,,NullAddress,26ED5E,2021-12-07,25.0
32,Minted,,NullAddress,Selelolz,2021-12-07,26.0
33,Minted,,NullAddress,A6FA33,2021-12-07,27.0
34,Minted,,NullAddress,daedalium,2021-12-07,28.0
35,Minted,,NullAddress,AAFCAE,2021-12-07,29.0
36,Minted,,NullAddress,beyondyourdreams,2021-12-07,30.0
37,List,"0,19",Concordeparis,,2021-12-11,31.0
38,Minted,,NullAddress,Concordeparis,2021-12-07,31.0
39,Minted,,NullAddress,NicolasDaumas,2021-12-07,32.0
40,Minted,,NullAddress,C77E6F,2021-12-07,33.0
41,Minted,,NullAddress,DBB9E9,2021-12-07,34.0
42,Minted,,NullAddress,298EB7,2021-12-07,35.0
43,Transfer,,385CD6,The_Grand_Duke,2021-12-08,36.0
44,Minted,,NullAddress,385CD6,2021-12-07,36.0
45,Minted,,NullAddress,7025DF,2021-12-07,37.0
46,Minted,,NullAddress,Lazzher,2021-12-07,38.0
47,Minted,,NullAddress,NFTbaguette,2021-12-07,39.0
48,Minted,,NullAddress,CryptoGroup,2021-12-07,40.0
49,Minted,,NullAddress,le_moods,2021-12-07,41.0
50,Minted,,NullAddress,ZelNFT,2021-12-07,42.0
51,List,"0,49",aymericbdb,,2021-12-08,43.0
52,Minted,,NullAddress,aymericbdb,2021-12-07,43.0
53,Minted,,NullAddress,814577,2021-12-07,44.0
54,Minted,,NullAddress,442FA4,2021-12-07,45.0
55,Minted,,NullAddress,8F72EC,2021-12-07,46.0
56,Minted,,NullAddress,michellechoi,2021-12-07,47.0
57,Minted,,NullAddress,08A886,2021-12-07,48.0
58,Minted,,NullAddress,Hanane,2021-12-07,49.0
59,Transfer,,EB3F32,A697F6,2021-12-11,50.0
60,Minted,,NullAddress,EB3F32,2021-12-07,50.0
61,Minted,,NullAddress,56EB80,2021-12-07,51.0
62,List,"0,4",GrandpaCed,,2021-12-13,52.0
63,Minted,,NullAddress,GrandpaCed,2021-12-07,52.0
64,Minted,,NullAddress,pianoking,2021-12-07,53.0
65,Minted,,NullAddress,3AFF17,2021-12-07,54.0
66,Minted,,NullAddress,49D2F3,2021-12-07,55.0
67,Sale,"0,3799",randomlcad,E55A09,2021-12-08,56.0
68,Transfer,,randomlcad,E55A09,2021-12-08,56.0
69,List,"0,3799",randomlcad,,2021-12-08,56.0
70,List,"0,389",randomlcad,,2021-12-08,56.0
71,List,"0,4",randomlcad,,2021-12-07,56.0
72,Minted,,NullAddress,randomlcad,2021-12-07,56.0
73,Minted,,NullAddress,42D240,2021-12-07,57.0
74,Minted,,NullAddress,Overrated_artist,2021-12-07,58.0
75,Minted,,NullAddress,daedalium,2021-12-07,59.0
76,Minted,,NullAddress,MaxGirth,2021-12-07,60.0
77,Minted,,NullAddress,beyondyourdreams,2021-12-07,61.0
78,Transfer,,Concordeparis,The_Last_Wizard,2021-12-11,62.0
79,Sale,"0,19",Concordeparis,The_Last_Wizard,2021-12-11,62.0
80,List,"0,19",Concordeparis,,2021-12-11,62.0
81,Minted,,NullAddress,Concordeparis,2021-12-07,62.0
82,Minted,,NullAddress,1566F5,2021-12-07,63.0
83,Minted,,NullAddress,C77E6F,2021-12-07,64.0
84,Minted,,NullAddress,DBB9E9,2021-12-07,65.0
85,Minted,,NullAddress,298EB7,2021-12-07,66.0
86,Transfer,,The_Grand_Duke,A697F6,2021-12-11,67.0
87,Transfer,,385CD6,The_Grand_Duke,2021-12-08,67.0
88,Minted,,NullAddress,385CD6,2021-12-07,67.0
89,Minted,,NullAddress,7025DF,2021-12-07,68.0
90,Minted,,NullAddress,Lazzher,2021-12-07,69.0
91,Minted,,NullAddress,NFTbaguette,2021-12-07,70.0
92,Minted,,NullAddress,TheKing_OfPiano,2021-12-07,71.0
93,Minted,,NullAddress,B9FB1A,2021-12-07,72.0
94,Minted,,NullAddress,ZelNFT,2021-12-07,73.0
95,Minted,,NullAddress,aymericbdb,2021-12-07,74.0
96,Minted,,NullAddress,814577,2021-12-07,75.0
97,Transfer,,442FA4,739BFB,2021-12-11,76.0
98,Sale,"0,23",442FA4,739BFB,2021-12-11,76.0
99,List,"0,23",442FA4,,2021-12-11,76.0
100,Minted,,NullAddress,442FA4,2021-12-07,76.0
101,Minted,,NullAddress,8F72EC,2021-12-07,77.0
102,Minted,,NullAddress,michellechoi,2021-12-07,78.0
103,Minted,,NullAddress,08A886,2021-12-07,79.0
104,Minted,,NullAddress,Hanane,2021-12-07,80.0
105,Transfer,,EB3F32,A697F6,2021-12-11,81.0
106,Minted,,NullAddress,EB3F32,2021-12-07,81.0
107,Minted,,NullAddress,SamBillio,2021-12-07,82.0
108,Minted,,NullAddress,GrandpaCed,2021-12-07,83.0
109,Minted,,NullAddress,pianoking,2021-12-07,84.0
110,Minted,,NullAddress,3AFF17,2021-12-07,85.0
111,Minted,,NullAddress,juancarlos2992,2021-12-07,86.0
112,Transfer,,randomlcad,Clerx,2021-12-08,87.0
113,Sale,"0,1749",randomlcad,Clerx,2021-12-08,87.0
114,Minted,,NullAddress,randomlcad,2021-12-07,87.0
115,Minted,,NullAddress,2238B0,2021-12-07,88.0
116,Minted,,NullAddress,Overrated_artist,2021-12-07,89.0
117,Minted,,NullAddress,daedalium,2021-12-07,90.0
118,Minted,,NullAddress,AF7181,2021-12-07,91.0
119,Minted,,NullAddress,beyondyourdreams,2021-12-07,92.0
120,Minted,,NullAddress,Concordeparis,2021-12-07,93.0
121,Minted,,NullAddress,2820C8,2021-12-07,94.0
122,Minted,,NullAddress,3883F2,2021-12-07,95.0
123,Minted,,NullAddress,DBB9E9,2021-12-07,96.0
124,Minted,,NullAddress,298EB7,2021-12-07,97.0
125,Transfer,,385CD6,The_Grand_Duke,2021-12-08,98.0
126,Minted,,NullAddress,385CD6,2021-12-07,98.0
127,Minted,,NullAddress,7025DF,2021-12-07,99.0
128,Minted,,NullAddress,Lazzher,2021-12-07,100.0
129,Minted,,NullAddress,NFTbaguette,2021-12-07,101.0
130,List,"0,45",TheKing_OfPiano,,2021-12-08,102.0
131,Cancel,"0,45",TheKing_OfPiano,,2021-12-08,102.0
132,List,"0,45",TheKing_OfPiano,,2021-12-08,102.0
133,Minted,,NullAddress,TheKing_OfPiano,2021-12-07,102.0
134,Minted,,NullAddress,Benitoshi,2021-12-07,103.0
135,Minted,,NullAddress,ZelNFT,2021-12-07,104.0
136,Minted,,NullAddress,28AFD5,2021-12-07,105.0
137,Minted,,NullAddress,814577,2021-12-07,106.0
138,Minted,,NullAddress,442FA4,2021-12-07,107.0
139,Minted,,NullAddress,52B928,2021-12-07,108.0
140,Transfer,,michellechoi,E44FF8,2021-12-09,109.0
141,Minted,,NullAddress,michellechoi,2021-12-07,109.0
142,Minted,,NullAddress,4B11D6,2021-12-07,110.0
143,Minted,,NullAddress,Hanane,2021-12-07,111.0
144,Transfer,,EB3F32,A697F6,2021-12-11,112.0
145,Minted,,NullAddress,EB3F32,2021-12-07,112.0
146,Minted,,NullAddress,A030DB,2021-12-07,113.0
147,Minted,,NullAddress,969473,2021-12-07,114.0
148,Minted,,NullAddress,pianoking,2021-12-07,115.0
149,Minted,,NullAddress,Fabyy,2021-12-07,116.0
150,Minted,,NullAddress,juancarlos2992,2021-12-07,117.0
151,Transfer,,The_Last_Wizard,UnlimitartV,2021-12-10,118.0
152,Sale,"0,1599",randomlcad,The_Last_Wizard,2021-12-10,118.0
153,Transfer,,randomlcad,The_Last_Wizard,2021-12-10,118.0
154,Minted,,NullAddress,randomlcad,2021-12-07,118.0
155,Minted,,NullAddress,2238B0,2021-12-07,119.0
156,Minted,,NullAddress,9B16D1,2021-12-07,120.0
157,Minted,,NullAddress,daedalium,2021-12-07,121.0
158,Minted,,NullAddress,93C4F1,2021-12-07,122.0
159,Minted,,NullAddress,beyondyourdreams,2021-12-07,123.0
160,Minted,,NullAddress,Concordeparis,2021-12-07,124.0
161,Minted,,NullAddress,zooma,2021-12-07,125.0
162,Transfer,,The_Last_Wizard,Tina_Wang,2021-12-10,126.0
163,Sale,"0,175",Pogboom,The_Last_Wizard,2021-12-10,126.0
164,Transfer,,Pogboom,The_Last_Wizard,2021-12-10,126.0
165,List,"0,175",Pogboom,,2021-12-09,126.0
166,Minted,,NullAddress,Pogboom,2021-12-07,126.0
167,Minted,,NullAddress,DBB9E9,2021-12-07,127.0
168,Minted,,NullAddress,298EB7,2021-12-07,128.0
169,Transfer,,385CD6,The_Grand_Duke,2021-12-08,129.0
170,Minted,,NullAddress,385CD6,2021-12-07,129.0
171,Offer,"1,01",randomlcad,,2021-12-08,130.0
172,Offer,1,pianomannen,,2021-12-08,130.0
173,Offer,1,pianomannen,,2021-12-08,130.0
174,Offer,"0,85",shinzao,,2021-12-08,130.0
175,Offer,"0,8",randomlcad,,2021-12-08,130.0
176,Offer,"0,8",randomlcad,,2021-12-08,130.0
177,Minted,,NullAddress,BBCC51,2021-12-07,130.0
178,Minted,,NullAddress,Lazzher,2021-12-07,131.0
179,Minted,,NullAddress,NFTbaguette,2021-12-07,132.0
180,Minted,,NullAddress,mikecvc,2021-12-07,133.0
181,Minted,,NullAddress,Benitoshi,2021-12-07,134.0
182,Minted,,NullAddress,1F0B13,2021-12-07,135.0
183,Minted,,NullAddress,28AFD5,2021-12-07,136.0
184,Minted,,NullAddress,814577,2021-12-07,137.0
185,Minted,,NullAddress,442FA4,2021-12-07,138.0
186,Minted,,NullAddress,52B928,2021-12-07,139.0
187,Minted,,NullAddress,michellechoi,2021-12-07,140.0
188,Minted,,NullAddress,4B11D6,2021-12-07,141.0
189,Minted,,NullAddress,rando1,2021-12-07,142.0
190,Transfer,,EB3F32,A697F6,2021-12-11,143.0
191,Minted,,NullAddress,EB3F32,2021-12-07,143.0
192,Minted,,NullAddress,352B9C,2021-12-07,144.0
193,Minted,,NullAddress,PositivDiver,2021-12-07,145.0
194,Minted,,NullAddress,pianoking,2021-12-07,146.0
195,Minted,,NullAddress,A154E0,2021-12-07,147.0
196,Minted,,NullAddress,E99B6D,2021-12-07,148.0
197,Transfer,,The_Last_Wizard,B23196,2021-12-11,149.0
198,Transfer,,randomlcad,The_Last_Wizard,2021-12-11,149.0
199,Sale,"0,1889",randomlcad,The_Last_Wizard,2021-12-11,149.0
200,List,"0,1889",randomlcad,,2021-12-11,149.0
201,List,"0,3298",randomlcad,,2021-12-08,149.0
202,Minted,,NullAddress,randomlcad,2021-12-07,149.0
203,Minted,,NullAddress,B6A669,2021-12-07,150.0
204,Minted,,NullAddress,9B16D1,2021-12-07,151.0
205,Minted,,NullAddress,daedalium,2021-12-07,152.0
206,Minted,,NullAddress,93C4F1,2021-12-07,153.0
207,Minted,,NullAddress,beyondyourdreams,2021-12-07,154.0
208,Minted,,NullAddress,Concordeparis,2021-12-07,155.0
209,Minted,,NullAddress,Nicksviking,2021-12-07,156.0
210,Transfer,,The_Last_Wizard,marielougd,2021-12-10,157.0
211,Sale,"0,175",Pogboom,The_Last_Wizard,2021-12-10,157.0
212,Transfer,,Pogboom,The_Last_Wizard,2021-12-10,157.0
213,List,"0,175",Pogboom,,2021-12-09,157.0
214,Minted,,NullAddress,Pogboom,2021-12-07,157.0
215,Minted,,NullAddress,Pianokingnft,2021-12-07,158.0
216,Minted,,NullAddress,298EB7,2021-12-07,159.0
217,Transfer,,385CD6,The_Grand_Duke,2021-12-08,160.0
218,Minted,,NullAddress,385CD6,2021-12-07,160.0
219,Minted,,NullAddress,LeChiffre_AR,2021-12-07,161.0
220,Minted,,NullAddress,Lazzher,2021-12-07,162.0
221,Minted,,NullAddress,NFTbaguette,2021-12-07,163.0
222,Minted,,NullAddress,Yoshi_Piere,2021-12-07,164.0
223,Minted,,NullAddress,D8F2E2,2021-12-07,165.0
224,Minted,,NullAddress,Pipocagourmet,2021-12-07,166.0
225,Minted,,NullAddress,NikoTrnl,2021-12-07,167.0
226,Minted,,NullAddress,814577,2021-12-07,168.0
227,Minted,,NullAddress,442FA4,2021-12-07,169.0
228,Minted,,NullAddress,52B928,2021-12-07,170.0
229,Minted,,NullAddress,michellechoi,2021-12-07,171.0
230,Minted,,NullAddress,66B8F7,2021-12-07,172.0
231,Minted,,NullAddress,rando1,2021-12-07,173.0
232,Transfer,,EB3F32,A697F6,2021-12-11,174.0
233,Minted,,NullAddress,EB3F32,2021-12-07,174.0
234,Minted,,NullAddress,313E1A,2021-12-07,175.0
235,Minted,,NullAddress,PositivDiver,2021-12-07,176.0
236,Minted,,NullAddress,pianoking,2021-12-07,177.0
237,Minted,,NullAddress,JulienJean,2021-12-07,178.0
238,Minted,,NullAddress,12386C,2021-12-07,179.0
239,List,"1,4",doyouknow,,2021-12-08,180.0
240,List,"2,4",doyouknow,,2021-12-08,180.0
241,Sale,"0,4",randomlcad,doyouknow,2021-12-08,180.0
242,Transfer,,randomlcad,doyouknow,2021-12-08,180.0
243,List,"0,4",randomlcad,,2021-12-07,180.0
244,Minted,,NullAddress,randomlcad,2021-12-07,180.0
245,Minted,,NullAddress,3FC54E,2021-12-07,181.0
246,Minted,,NullAddress,9B16D1,2021-12-07,182.0
247,Minted,,NullAddress,daedalium,2021-12-07,183.0
248,Minted,,NullAddress,93C4F1,2021-12-07,184.0
249,Minted,,NullAddress,beyondyourdreams,2021-12-07,185.0
250,List,"0,19",Concordeparis,,2021-12-11,186.0
251,Minted,,NullAddress,Concordeparis,2021-12-07,186.0
252,Minted,,NullAddress,0xBDC,2021-12-07,187.0
253,Transfer,,IcollectNFTforfun,Repio,2021-12-08,188.0
254,Sale,"0,39",IcollectNFTforfun,Repio,2021-12-08,188.0
255,List,"0,39",IcollectNFTforfun,,2021-12-08,188.0
256,Minted,,NullAddress,IcollectNFTforfun,2021-12-07,188.0
257,Minted,,NullAddress,PoWaH,2021-12-07,189.0
258,Minted,,NullAddress,298EB7,2021-12-07,190.0
259,Transfer,,385CD6,The_Grand_Duke,2021-12-08,191.0
260,Minted,,NullAddress,385CD6,2021-12-07,191.0
261,Minted,,NullAddress,CB065B,2021-12-07,192.0
262,Minted,,NullAddress,Lazzher,2021-12-07,193.0
263,Minted,,NullAddress,NFTbaguette,2021-12-07,194.0
264,Minted,,NullAddress,Yoshi_Piere,2021-12-07,195.0
265,Minted,,NullAddress,07DE81,2021-12-07,196.0
266,Minted,,NullAddress,Pipocagourmet,2021-12-07,197.0
267,Minted,,NullAddress,WRL,2021-12-07,198.0
268,Minted,,NullAddress,nicolaspvt,2021-12-07,199.0
269,Minted,,NullAddress,442FA4,2021-12-07,200.0
270,Minted,,NullAddress,52B928,2021-12-07,201.0
271,Transfer,,michellechoi,victoriousNFT,2021-12-10,202.0
272,Minted,,NullAddress,michellechoi,2021-12-07,202.0
273,Minted,,NullAddress,Bosee,2021-12-07,203.0
274,Minted,,NullAddress,A95ED3,2021-12-07,204.0
275,Transfer,,EB3F32,A697F6,2021-12-11,205.0
276,Minted,,NullAddress,EB3F32,2021-12-07,205.0
277,Minted,,NullAddress,313E1A,2021-12-07,206.0
278,Minted,,NullAddress,PositivDiver,2021-12-07,207.0
279,Minted,,NullAddress,pianoking,2021-12-07,208.0
280,Minted,,NullAddress,JulienJean,2021-12-07,209.0
281,Minted,,NullAddress,12386C,2021-12-07,210.0
282,List,"0,1799",randomlcad,,2021-12-12,211.0
283,List,"0,1799",randomlcad,,2021-12-12,211.0
284,List,"0,19",randomlcad,,2021-12-11,211.0
285,List,"0,248",randomlcad,,2021-12-11,211.0
286,List,"0,64",randomlcad,,2021-12-07,211.0
287,Minted,,NullAddress,randomlcad,2021-12-07,211.0
288,Minted,,NullAddress,Rol,2021-12-07,212.0
289,Minted,,NullAddress,vinc2414,2021-12-07,213.0
290,Transfer,,daedalium,_Desertrose_,2021-12-08,214.0
291,Minted,,NullAddress,daedalium,2021-12-07,214.0
292,Minted,,NullAddress,8967FB,2021-12-07,215.0
293,Minted,,NullAddress,beyondyourdreams,2021-12-07,216.0
294,Minted,,NullAddress,Concordeparis,2021-12-07,217.0
295,Minted,,NullAddress,0xBDC,2021-12-07,218.0
296,Minted,,NullAddress,52C4B0,2021-12-07,219.0
297,Minted,,NullAddress,5C6266,2021-12-07,220.0
298,Minted,,NullAddress,298EB7,2021-12-07,221.0
299,Transfer,,385CD6,The_Grand_Duke,2021-12-08,222.0
300,Minted,,NullAddress,385CD6,2021-12-07,222.0
301,Minted,,NullAddress,CB065B,2021-12-07,223.0
302,Minted,,NullAddress,Lazzher,2021-12-07,224.0
303,Minted,,NullAddress,NFTbaguette,2021-12-07,225.0
304,Minted,,NullAddress,91FC2C,2021-12-07,226.0
305,Minted,,NullAddress,SarahM,2021-12-07,227.0
306,Transfer,,The_Last_Wizard,E955A6,2021-12-10,228.0
307,Transfer,,A02F62,The_Last_Wizard,2021-12-10,228.0
308,Sale,"0,185",A02F62,The_Last_Wizard,2021-12-10,228.0
309,List,"0,185",A02F62,,2021-12-08,228.0
310,List,"0,1875",A02F62,,2021-12-08,228.0
311,Minted,,NullAddress,A02F62,2021-12-07,228.0
312,Minted,,NullAddress,beaujeant,2021-12-07,229.0
313,Minted,,NullAddress,nicolaspvt,2021-12-07,230.0
314,Minted,,NullAddress,442FA4,2021-12-07,231.0
315,Minted,,NullAddress,52B928,2021-12-07,232.0
316,Minted,,NullAddress,peacehuman,2021-12-07,233.0
317,Minted,,NullAddress,piedplancher,2021-12-07,234.0
318,Minted,,NullAddress,180957,2021-12-07,235.0
319,Transfer,,EB3F32,A697F6,2021-12-11,236.0
320,Minted,,NullAddress,EB3F32,2021-12-07,236.0
321,Minted,,NullAddress,313E1A,2021-12-07,237.0
322,Minted,,NullAddress,8332C9,2021-12-07,238.0
323,Minted,,NullAddress,pianoking,2021-12-07,239.0
324,Minted,,NullAddress,JulienJean,2021-12-07,240.0
325,Minted,,NullAddress,9A620E,2021-12-07,241.0
326,List,"0,4",peaudepeche,,2021-12-10,242.0
327,List,"0,45",peaudepeche,,2021-12-09,242.0
328,List,"0,7",peaudepeche,,2021-12-08,242.0
329,List,2,peaudepeche,,2021-12-08,242.0
330,Sale,"0,349",randomlcad,peaudepeche,2021-12-08,242.0
331,Transfer,,randomlcad,peaudepeche,2021-12-08,242.0
332,List,"0,349",randomlcad,,2021-12-08,242.0
333,Minted,,NullAddress,randomlcad,2021-12-07,242.0
334,Minted,,NullAddress,Rol,2021-12-07,243.0
335,Minted,,NullAddress,vinc2414,2021-12-07,244.0
336,Minted,,NullAddress,daedalium,2021-12-07,245.0
337,Minted,,NullAddress,FD7941,2021-12-07,246.0
338,Minted,,NullAddress,beyondyourdreams,2021-12-07,247.0
339,Minted,,NullAddress,Concordeparis,2021-12-07,248.0
340,Transfer,,"Vico18
error",Vico18000,2021-12-11,249.0
341,Minted,,NullAddress,"Vico18
error",2021-12-07,249.0
342,Minted,,NullAddress,72CD9E,2021-12-07,250.0
343,Minted,,NullAddress,5C6266,2021-12-07,251.0
344,Minted,,NullAddress,9C5864,2021-12-07,252.0
345,Minted,,NullAddress,46C394,2021-12-07,253.0
346,Minted,,NullAddress,3A5B23,2021-12-07,254.0
347,Minted,,NullAddress,61C442,2021-12-07,255.0
348,List,5,NFTbaguette,,2021-12-08,256.0
349,Minted,,NullAddress,NFTbaguette,2021-12-07,256.0
350,List,"0,25",Meta-Muz,,2021-11-29,257.0
351,List,"0,19",Meta-Muz,,2021-11-22,257.0
352,List,"0,2",Meta-Muz,,2021-12-11,257.0
353,List,"0,25",Meta-Muz,,2021-12-11,257.0
354,List,"0,4",Meta-Muz,,2021-12-09,257.0
355,List,1,Meta-Muz,,2021-12-08,257.0
356,Minted,,NullAddress,Meta-Muz,2021-12-07,257.0
357,Minted,,NullAddress,7C6E0A,2021-12-07,258.0
358,Minted,,NullAddress,A02F62,2021-12-07,259.0
359,Minted,,NullAddress,beaujeant,2021-12-07,260.0
360,Minted,,NullAddress,9C1228,2021-12-07,261.0
361,Minted,,NullAddress,442FA4,2021-12-07,262.0
362,Minted,,NullAddress,52B928,2021-12-07,263.0
363,Minted,,NullAddress,HMLCR,2021-12-07,264.0
364,Minted,,NullAddress,Kosra,2021-12-07,265.0
365,Minted,,NullAddress,023796,2021-12-07,266.0
366,Transfer,,EB3F32,A697F6,2021-12-11,267.0
367,Minted,,NullAddress,EB3F32,2021-12-07,267.0
368,Minted,,NullAddress,313E1A,2021-12-07,268.0
369,Minted,,NullAddress,EBF9A9,2021-12-07,269.0
370,Minted,,NullAddress,pianoking,2021-12-07,270.0
371,Minted,,NullAddress,JulienJean,2021-12-07,271.0
372,Transfer,,128705,Jeremykohlmann,2021-12-08,272.0
373,Minted,,NullAddress,128705,2021-12-07,272.0
374,Transfer,,The_Last_Wizard,4138F8,2021-12-11,273.0
375,Sale,"0,1889",randomlcad,The_Last_Wizard,2021-12-11,273.0
376,Transfer,,randomlcad,The_Last_Wizard,2021-12-11,273.0
377,Minted,,NullAddress,randomlcad,2021-12-07,273.0
378,Minted,,NullAddress,Rol,2021-12-07,274.0
379,Minted,,NullAddress,1D2910,2021-12-07,275.0
380,Minted,,NullAddress,daedalium,2021-12-07,276.0
381,Minted,,NullAddress,FD7941,2021-12-07,277.0
382,Minted,,NullAddress,beyondyourdreams,2021-12-07,278.0
383,Minted,,NullAddress,Concordeparis,2021-12-07,279.0
384,Minted,,NullAddress,Twingo1,2021-12-07,280.0
385,Minted,,NullAddress,Domino27,2021-12-07,281.0
386,Minted,,NullAddress,JamDev,2021-12-07,282.0
387,List,"0,33",99599E,,2021-12-08,283.0
388,List,"0,44",99599E,,2021-12-08,283.0
389,List,"0,48",99599E,,2021-12-08,283.0
390,Minted,,NullAddress,99599E,2021-12-07,283.0
391,Minted,,NullAddress,CA0859,2021-12-07,284.0
392,Minted,,NullAddress,3A5B23,2021-12-07,285.0
393,Minted,,NullAddress,61C442,2021-12-07,286.0
394,Minted,,NullAddress,NFTbaguette,2021-12-07,287.0
395,List,"0,27",Meta-Muz,,2021-11-04,288.0
396,List,"0,3",Meta-Muz,,2021-12-11,288.0
397,List,1,Meta-Muz,,2021-12-08,288.0
398,Minted,,NullAddress,Meta-Muz,2021-12-07,288.0
399,Minted,,NullAddress,Baboune,2021-12-07,289.0
400,Minted,,NullAddress,Volatile_life,2021-12-07,290.0
401,Minted,,NullAddress,B2104B,2021-12-07,291.0
402,Minted,,NullAddress,Fabien,2021-12-07,292.0
403,Transfer,,The_Last_Wizard,2111B5,2021-12-13,293.0
404,Transfer,,442FA4,The_Last_Wizard,2021-12-11,293.0
405,Sale,"0,19",442FA4,The_Last_Wizard,2021-12-11,293.0
406,List,"0,19",442FA4,,2021-12-11,293.0
407,Minted,,NullAddress,442FA4,2021-12-07,293.0
408,Minted,,NullAddress,52B928,2021-12-07,294.0
409,List,"0,1699",HMLCR,,2021-11-22,295.0
410,List,"0,239",HMLCR,,2021-12-10,295.0
411,Minted,,NullAddress,HMLCR,2021-12-07,295.0
412,Minted,,NullAddress,50EBE2,2021-12-07,296.0
413,Minted,,NullAddress,CJ1814,2021-12-07,297.0
414,Transfer,,EB3F32,A697F6,2021-12-11,298.0
415,Minted,,NullAddress,EB3F32,2021-12-07,298.0
416,Minted,,NullAddress,313E1A,2021-12-07,299.0
417,Minted,,NullAddress,EBF9A9,2021-12-07,300.0
418,Minted,,NullAddress,pianoking,2021-12-07,301.0
419,Minted,,NullAddress,JulienJean,2021-12-07,302.0
420,Minted,,NullAddress,TobiAgain,2021-12-07,303.0
421,Minted,,NullAddress,randomlcad,2021-12-07,304.0
422,Minted,,NullAddress,Rol,2021-12-07,305.0
423,Minted,,NullAddress,1D2910,2021-12-07,306.0
424,Minted,,NullAddress,daedalium,2021-12-07,307.0
425,Minted,,NullAddress,FA2ACE,2021-12-07,308.0
426,Minted,,NullAddress,EVOOO,2021-12-07,309.0
427,Minted,,NullAddress,Concordeparis,2021-12-07,310.0
428,Minted,,NullAddress,Twingo1,2021-12-07,311.0
429,Minted,,NullAddress,3CCFA3,2021-12-07,312.0
430,Minted,,NullAddress,5ED8C1,2021-12-07,313.0
431,Minted,,NullAddress,AF2609,2021-12-07,314.0
432,Minted,,NullAddress,Kalynda,2021-12-07,315.0
433,Minted,,NullAddress,Tywin,2021-12-07,316.0
434,Minted,,NullAddress,CF853E,2021-12-07,317.0
435,Minted,,NullAddress,NFTbaguette,2021-12-07,318.0
436,Minted,,NullAddress,74876E,2021-12-07,319.0
437,Minted,,NullAddress,Baboune,2021-12-07,320.0
438,Minted,,NullAddress,Volatile_life,2021-12-07,321.0
439,Minted,,NullAddress,0B688E,2021-12-07,322.0
440,Minted,,NullAddress,IamGambas,2021-12-07,323.0
441,List,"0,2",442FA4,,2021-12-11,324.0
442,Minted,,NullAddress,442FA4,2021-12-07,324.0
443,Minted,,NullAddress,52B928,2021-12-07,325.0
444,Minted,,NullAddress,HMLCR,2021-12-07,326.0
445,Minted,,NullAddress,50EBE2,2021-12-07,327.0
446,Minted,,NullAddress,9EF227,2021-12-07,328.0
447,Transfer,,EB3F32,A697F6,2021-12-11,329.0
448,Minted,,NullAddress,EB3F32,2021-12-07,329.0
449,Minted,,NullAddress,313E1A,2021-12-07,330.0
450,Minted,,NullAddress,rainbowunicorn99,2021-12-07,331.0
451,Minted,,NullAddress,pianoking,2021-12-07,332.0
452,Minted,,NullAddress,41FFBC,2021-12-07,333.0
453,Minted,,NullAddress,yomidenzel,2021-12-07,334.0
454,Transfer,,daedalium,_Desertrose_,2021-12-08,335.0
455,Transfer,,randomlcad,daedalium,2021-12-08,335.0
456,Minted,,NullAddress,randomlcad,2021-12-07,335.0
457,Minted,,NullAddress,Rol,2021-12-07,336.0
458,Minted,,NullAddress,1D2910,2021-12-07,337.0
459,Minted,,NullAddress,daedalium,2021-12-07,338.0
460,Minted,,NullAddress,FA2ACE,2021-12-07,339.0
461,Minted,,NullAddress,Prodigy974,2021-12-07,340.0
462,Minted,,NullAddress,Concordeparis,2021-12-07,341.0
463,Minted,,NullAddress,63B7EF,2021-12-07,342.0
464,Minted,,NullAddress,RenaissanceNFT,2021-12-07,343.0
465,Minted,,NullAddress,5ED8C1,2021-12-07,344.0
466,Minted,,NullAddress,AF2609,2021-12-07,345.0
467,Minted,,NullAddress,Kalynda,2021-12-07,346.0
468,Minted,,NullAddress,29DAFB,2021-12-07,347.0
469,Transfer,,thewallet,SunMinder,2021-12-08,348.0
470,Sale,"0,185",thewallet,SunMinder,2021-12-08,348.0
471,List,"0,185",thewallet,,2021-12-08,348.0
472,Minted,,NullAddress,thewallet,2021-12-07,348.0
473,Minted,,NullAddress,NFTbaguette,2021-12-07,349.0
474,Minted,,NullAddress,FDD02A,2021-12-07,350.0
475,Minted,,NullAddress,Baboune,2021-12-07,351.0
476,Minted,,NullAddress,Volatile_life,2021-12-07,352.0
477,Minted,,NullAddress,0B688E,2021-12-07,353.0
478,Minted,,NullAddress,IamGambas,2021-12-07,354.0
479,Minted,,NullAddress,442FA4,2021-12-07,355.0
480,Minted,,NullAddress,52B928,2021-12-07,356.0
481,Transfer,,The_Last_Wizard,Yoyolacrypto,2021-12-10,357.0
482,Sale,"0,199",HMLCR,The_Last_Wizard,2021-12-10,357.0
483,Transfer,,HMLCR,The_Last_Wizard,2021-12-10,357.0
484,List,"0,199",HMLCR,,2021-12-10,357.0
485,Minted,,NullAddress,HMLCR,2021-12-07,357.0
486,Minted,,NullAddress,50EBE2,2021-12-07,358.0
487,Minted,,NullAddress,CE76B6,2021-12-07,359.0
488,Transfer,,EB3F32,A697F6,2021-12-11,360.0
489,Minted,,NullAddress,EB3F32,2021-12-07,360.0
490,Minted,,NullAddress,313E1A,2021-12-07,361.0
491,Minted,,NullAddress,rainbowunicorn99,2021-12-07,362.0
492,Minted,,NullAddress,pianoking,2021-12-07,363.0
493,Minted,,NullAddress,B45FEC,2021-12-07,364.0
494,Minted,,NullAddress,XelahtoR,2021-12-07,365.0
495,Transfer,,randomlcad,daedalium,2021-12-08,366.0
496,Minted,,NullAddress,randomlcad,2021-12-07,366.0
497,Minted,,NullAddress,Rol,2021-12-07,367.0
498,Minted,,NullAddress,1D2910,2021-12-07,368.0
499,Minted,,NullAddress,daedalium,2021-12-07,369.0
500,Transfer,,896C18,MboaArt,2021-12-08,370.0
501,Sale,"0,3799",896C18,MboaArt,2021-12-08,370.0
502,List,"0,3799",896C18,,2021-12-08,370.0
503,Minted,,NullAddress,896C18,2021-12-07,370.0
504,Minted,,NullAddress,Prodigy974,2021-12-07,371.0
505,Minted,,NullAddress,Concordeparis,2021-12-07,372.0
506,Minted,,NullAddress,4DC5EA,2021-12-07,373.0
507,Minted,,NullAddress,modzfr06,2021-12-07,374.0
508,Minted,,NullAddress,2586C6,2021-12-07,375.0
509,Minted,,NullAddress,AF2609,2021-12-07,376.0
510,List,"0,45",cap108,,2021-12-10,377.0
511,Minted,,NullAddress,cap108,2021-12-07,377.0
512,Minted,,NullAddress,29DAFB,2021-12-07,378.0
513,Minted,,NullAddress,4F996F,2021-12-07,379.0
514,Minted,,NullAddress,NFTbaguette,2021-12-07,380.0
515,Minted,,NullAddress,FDD02A,2021-12-07,381.0
516,Minted,,NullAddress,74BC30,2021-12-07,382.0
517,Minted,,NullAddress,378066,2021-12-07,383.0
518,Offer,"0,15",leodseth,,2021-12-08,384.0
519,Minted,,NullAddress,Randynamite,2021-12-07,384.0
520,Minted,,NullAddress,FCFA06,2021-12-07,385.0
521,List,"0,22",442FA4,,2021-12-11,386.0
522,Minted,,NullAddress,442FA4,2021-12-07,386.0
523,Minted,,NullAddress,52B928,2021-12-07,387.0
524,Minted,,NullAddress,mel_elessar,2021-12-07,388.0
525,Minted,,NullAddress,50EBE2,2021-12-07,389.0
526,Minted,,NullAddress,KDVX,2021-12-07,390.0
527,Transfer,,EB3F32,A697F6,2021-12-11,391.0
528,Minted,,NullAddress,EB3F32,2021-12-07,391.0
529,Minted,,NullAddress,313E1A,2021-12-07,392.0
530,Minted,,NullAddress,C6565F,2021-12-07,393.0
531,Minted,,NullAddress,pianoking,2021-12-07,394.0
532,Minted,,NullAddress,7025DF,2021-12-07,395.0
533,Minted,,NullAddress,XelahtoR,2021-12-07,396.0
534,Transfer,,randomlcad,daedalium,2021-12-08,397.0
535,Minted,,NullAddress,randomlcad,2021-12-07,397.0
536,Minted,,NullAddress,Rol,2021-12-07,398.0
537,Minted,,NullAddress,DB2DA5,2021-12-07,399.0
538,Minted,,NullAddress,daedalium,2021-12-07,400.0
539,Cancel,"0,33",896C18,,2021-12-08,401.0
540,List,"0,33",896C18,,2021-12-08,401.0
541,Minted,,NullAddress,896C18,2021-12-07,401.0
542,Minted,,NullAddress,Prodigy974,2021-12-07,402.0
543,Minted,,NullAddress,Concordeparis,2021-12-07,403.0
544,Minted,,NullAddress,COLLECTION_NFT_GAME,2021-12-07,404.0
545,Minted,,NullAddress,Cake_off,2021-12-07,405.0
546,Minted,,NullAddress,23068A,2021-12-07,406.0
547,Minted,,NullAddress,AF2609,2021-12-07,407.0
548,List,"0,69",cap108,,2021-12-10,408.0
549,Minted,,NullAddress,cap108,2021-12-07,408.0
550,Minted,,NullAddress,29DAFB,2021-12-07,409.0
551,Minted,,NullAddress,4F996F,2021-12-07,410.0
552,Minted,,NullAddress,NFTbaguette,2021-12-07,411.0
553,Minted,,NullAddress,FDD02A,2021-12-07,412.0
554,Minted,,NullAddress,A11863,2021-12-07,413.0
555,Minted,,NullAddress,378066,2021-12-07,414.0
556,Minted,,NullAddress,Randynamite,2021-12-07,415.0
557,Minted,,NullAddress,CADAA9,2021-12-07,416.0
558,Minted,,NullAddress,442FA4,2021-12-07,417.0
559,Minted,,NullAddress,Issiak,2021-12-07,418.0
560,Offer,"0,045",cam_illeb,,2021-12-08,419.0
561,Offer,"0,045",cam_illeb,,2021-12-08,419.0
562,Offer,"0,045",cam_illeb,,2021-12-08,419.0
563,Offer,"0,045",cam_illeb,,2021-12-08,419.0
564,Offer,"0,045",cam_illeb,,2021-12-08,419.0
565,Offer,"0,045",cam_illeb,,2021-12-08,419.0
566,Offer,"0,045",cam_illeb,,2021-12-08,419.0
567,Offer,"0,045",cam_illeb,,2021-12-08,419.0
568,Minted,,NullAddress,18x18x18x18x18x18,2021-12-07,419.0
569,Minted,,NullAddress,50EBE2,2021-12-07,420.0
570,Minted,,NullAddress,F27AD2,2021-12-07,421.0
571,Transfer,,EB3F32,A697F6,2021-12-11,422.0
572,Minted,,NullAddress,EB3F32,2021-12-07,422.0
573,Minted,,NullAddress,313E1A,2021-12-07,423.0
574,Minted,,NullAddress,SHAPUR,2021-12-07,424.0
575,Minted,,NullAddress,630DF7,2021-12-07,425.0
576,Minted,,NullAddress,7025DF,2021-12-07,426.0
577,Minted,,NullAddress,XelahtoR,2021-12-07,427.0
578,Transfer,,randomlcad,daedalium,2021-12-08,428.0
579,Minted,,NullAddress,randomlcad,2021-12-07,428.0
580,Minted,,NullAddress,Rol,2021-12-07,429.0
581,Minted,,NullAddress,DB2DA5,2021-12-07,430.0
582,Minted,,NullAddress,daedalium,2021-12-07,431.0
583,List,"0,1799",896C18,,2021-12-12,432.0
584,List,"0,33",896C18,,2021-12-08,432.0
585,Cancel,"0,3799",896C18,,2021-12-08,432.0
586,List,"0,3799",896C18,,2021-12-08,432.0
587,Minted,,NullAddress,896C18,2021-12-07,432.0
588,Minted,,NullAddress,96C0C8,2021-12-07,433.0
589,Minted,,NullAddress,Concordeparis,2021-12-07,434.0
590,Minted,,NullAddress,COLLECTION_NFT_GAME,2021-12-07,435.0
591,Minted,,NullAddress,AussiePunk,2021-12-07,436.0
592,Minted,,NullAddress,23068A,2021-12-07,437.0
593,Minted,,NullAddress,AF2609,2021-12-07,438.0
594,List,"1,08",cap108,,2021-12-10,439.0
595,Minted,,NullAddress,cap108,2021-12-07,439.0
596,Minted,,NullAddress,A13209,2021-12-07,440.0
597,Minted,,NullAddress,5806F0,2021-12-07,441.0
598,List,"0,5",NFTbaguette,,2021-12-10,442.0
599,Minted,,NullAddress,NFTbaguette,2021-12-07,442.0
600,Minted,,NullAddress,FDD02A,2021-12-07,443.0
601,List,"0,8",Jacques-Chirac,,2021-12-09,444.0
602,Minted,,NullAddress,Jacques-Chirac,2021-12-07,444.0
603,Minted,,NullAddress,378066,2021-12-07,445.0
604,Minted,,NullAddress,BYREDO,2021-12-07,446.0
605,Minted,,NullAddress,CADAA9,2021-12-07,447.0
606,Minted,,NullAddress,40EF7D,2021-12-07,448.0
607,Minted,,NullAddress,Issiak,2021-12-07,449.0
608,Minted,,NullAddress,1BC3E8,2021-12-07,450.0
609,Minted,,NullAddress,GrandPa-Matthieu,2021-12-07,451.0
610,Minted,,NullAddress,Raimon,2021-12-07,452.0
611,Transfer,,EB3F32,A697F6,2021-12-11,453.0
612,Minted,,NullAddress,EB3F32,2021-12-07,453.0
613,Minted,,NullAddress,313E1A,2021-12-07,454.0
614,Minted,,NullAddress,C4361D,2021-12-07,455.0
615,Minted,,NullAddress,630DF7,2021-12-07,456.0
616,Minted,,NullAddress,7025DF,2021-12-07,457.0
617,Minted,,NullAddress,XelahtoR,2021-12-07,458.0
618,Transfer,,randomlcad,daedalium,2021-12-08,459.0
619,Minted,,NullAddress,randomlcad,2021-12-07,459.0
620,Minted,,NullAddress,Rol,2021-12-07,460.0
621,Minted,,NullAddress,DB2DA5,2021-12-07,461.0
622,Minted,,NullAddress,daedalium,2021-12-07,462.0
623,Offer,"0,2",Cordos,,2021-12-08,463.0
624,List,"0,33",896C18,,2021-12-08,463.0
625,Minted,,NullAddress,896C18,2021-12-07,463.0
626,Minted,,NullAddress,Leemonade,2021-12-07,464.0
627,Minted,,NullAddress,Concordeparis,2021-12-07,465.0
628,Offer,"0,00000000000001",0BC6D6,,2021-12-11,466.0
629,Minted,,NullAddress,COLLECTION_NFT_GAME,2021-12-07,466.0
630,Minted,,NullAddress,80BE84,2021-12-07,467.0
631,Minted,,NullAddress,23068A,2021-12-07,468.0
632,Minted,,NullAddress,AF2609,2021-12-07,469.0
633,List,"0,15",pepechub,,2021-11-25,470.0
634,List,"0,49",pepechub,,2021-12-11,470.0
635,Minted,,NullAddress,pepechub,2021-12-07,470.0
636,Minted,,NullAddress,A13209,2021-12-07,471.0
637,Minted,,NullAddress,Mathis-from-HunterPri...,2021-12-07,472.0
638,Minted,,NullAddress,NFTbaguette,2021-12-07,473.0
639,Minted,,NullAddress,FDD02A,2021-12-07,474.0
640,Sale,"0,155",Jacques-Chirac,Alfred_H,2021-12-10,475.0
641,Transfer,,Jacques-Chirac,Alfred_H,2021-12-10,475.0
642,List,"0,155",Jacques-Chirac,,2021-12-09,475.0
643,List,"0,17",Jacques-Chirac,,2021-12-09,475.0
644,List,"0,17",Jacques-Chirac,,2021-12-09,475.0
645,Minted,,NullAddress,Jacques-Chirac,2021-12-07,475.0
646,Minted,,NullAddress,378066,2021-12-07,476.0
647,Minted,,NullAddress,bizduweb,2021-12-07,477.0
648,Minted,,NullAddress,CADAA9,2021-12-07,478.0
649,Minted,,NullAddress,EthoooZ,2021-12-07,479.0
650,Minted,,NullAddress,2156FC,2021-12-07,480.0
651,Minted,,NullAddress,1BC3E8,2021-12-07,481.0
652,Minted,,NullAddress,D2B13D,2021-12-07,482.0
653,Minted,,NullAddress,A36869,2021-12-07,483.0
654,Transfer,,EB3F32,A697F6,2021-12-11,484.0
655,Minted,,NullAddress,EB3F32,2021-12-07,484.0
656,Minted,,NullAddress,313E1A,2021-12-07,485.0
657,List,"0,25",MarcUUU,,2021-12-11,486.0
658,List,1,MarcUUU,,2021-12-08,486.0
659,Cancel,"0,5",MarcUUU,,2021-12-08,486.0
660,List,"0,5",MarcUUU,,2021-12-08,486.0
661,List,"1,2",MarcUUU,,2021-12-08,486.0
662,Minted,,NullAddress,MarcUUU,2021-12-07,486.0
663,Transfer,,385CD6,The_Grand_Duke,2021-12-08,487.0
664,Minted,,NullAddress,385CD6,2021-12-07,487.0
665,Minted,,NullAddress,7025DF,2021-12-07,488.0
666,Minted,,NullAddress,XelahtoR,2021-12-07,489.0
667,Transfer,,randomlcad,daedalium,2021-12-08,490.0
668,List,"0,6",randomlcad,,2021-12-07,490.0
669,Minted,,NullAddress,randomlcad,2021-12-07,490.0
670,Minted,,NullAddress,Rol,2021-12-07,491.0
671,Minted,,NullAddress,DB2DA5,2021-12-07,492.0
672,Minted,,NullAddress,daedalium,2021-12-07,493.0
673,Transfer,,896C18,871A1F,2021-12-08,494.0
674,Sale,"0,21",896C18,871A1F,2021-12-08,494.0
675,List,"0,21",896C18,,2021-12-08,494.0
676,List,"0,24",896C18,,2021-12-08,494.0
677,List,"0,3799",896C18,,2021-12-08,494.0
678,Minted,,NullAddress,896C18,2021-12-07,494.0
679,Minted,,NullAddress,pedro_xmnz,2021-12-07,495.0
680,Minted,,NullAddress,Concordeparis,2021-12-07,496.0
681,List,"0,25",COLLECTION_NFT_GAME,,2021-12-10,497.0
682,Minted,,NullAddress,COLLECTION_NFT_GAME,2021-12-07,497.0
683,Minted,,NullAddress,80BE84,2021-12-07,498.0
684,Minted,,NullAddress,23068A,2021-12-07,499.0
685,Minted,,NullAddress,AF2609,2021-12-07,500.0
686,List,"0,15",pepechub,,2021-11-25,501.0
687,List,"0,18",pepechub,,2021-12-11,501.0
688,Minted,,NullAddress,pepechub,2021-12-07,501.0
689,Minted,,NullAddress,Merl1,2021-12-07,502.0
690,Minted,,NullAddress,GuillaumeTell,2021-12-07,503.0
691,Minted,,NullAddress,NFTbaguette,2021-12-07,504.0
692,Minted,,NullAddress,364B59,2021-12-07,505.0
693,List,"5,5555",Jacques-Chirac,,2021-12-10,506.0
694,Cancel,2,Jacques-Chirac,,2021-12-10,506.0
695,List,2,Jacques-Chirac,,2021-12-09,506.0
696,Offer,"0,15",leodseth,,2021-12-08,506.0
697,Offer,"0,15",leodseth,,2021-12-08,506.0
698,Minted,,NullAddress,Jacques-Chirac,2021-12-07,506.0
699,Minted,,NullAddress,378066,2021-12-07,507.0
700,Minted,,NullAddress,bizduweb,2021-12-07,508.0
701,Minted,,NullAddress,CADAA9,2021-12-07,509.0
702,Minted,,NullAddress,F36710,2021-12-07,510.0
703,Minted,,NullAddress,TheMetavatars,2021-12-07,511.0
704,Minted,,NullAddress,1BC3E8,2021-12-07,512.0
705,Minted,,NullAddress,PicPeninsule,2021-12-07,513.0
706,Minted,,NullAddress,A36869,2021-12-07,514.0
707,Transfer,,EB3F32,A697F6,2021-12-11,515.0
708,Minted,,NullAddress,EB3F32,2021-12-07,515.0
709,Minted,,NullAddress,313E1A,2021-12-07,516.0
710,Minted,,NullAddress,AC2C16,2021-12-07,517.0
711,Transfer,,385CD6,The_Grand_Duke,2021-12-08,518.0
712,Minted,,NullAddress,385CD6,2021-12-07,518.0
713,Minted,,NullAddress,7025DF,2021-12-07,519.0
714,Minted,,NullAddress,2993D9,2021-12-07,520.0
715,Transfer,,randomlcad,daedalium,2021-12-08,521.0
716,Minted,,NullAddress,randomlcad,2021-12-07,521.0
717,Minted,,NullAddress,LittleRedCloud,2021-12-07,522.0
718,Minted,,NullAddress,F89075,2021-12-07,523.0
719,Minted,,NullAddress,daedalium,2021-12-07,524.0
720,Minted,,NullAddress,E632CA,2021-12-07,525.0
721,Minted,,NullAddress,Stanwawrinka,2021-12-07,526.0
722,Minted,,NullAddress,Concordeparis,2021-12-07,527.0
723,Minted,,NullAddress,MOH-AZE,2021-12-07,528.0
724,Minted,,NullAddress,80BE84,2021-12-07,529.0
725,Minted,,NullAddress,23068A,2021-12-07,530.0
726,Minted,,NullAddress,AF2609,2021-12-07,531.0
727,List,"0,15",pepechub,,2021-11-30,532.0
728,List,"0,2",pepechub,,2021-11-25,532.0
729,List,"0,5",pepechub,,2021-12-11,532.0
730,Minted,,NullAddress,pepechub,2021-12-07,532.0
731,Minted,,NullAddress,Merl1,2021-12-07,533.0
732,Minted,,NullAddress,GuillaumeTell,2021-12-07,534.0
733,Minted,,NullAddress,NFTbaguette,2021-12-07,535.0
734,Minted,,NullAddress,364B59,2021-12-07,536.0
735,Sale,"0,2",Jacques-Chirac,7038B5,2021-12-09,537.0
736,Transfer,,Jacques-Chirac,7038B5,2021-12-09,537.0
737,List,"0,2",Jacques-Chirac,,2021-12-09,537.0
738,Minted,,NullAddress,Jacques-Chirac,2021-12-07,537.0
739,Minted,,NullAddress,378066,2021-12-07,538.0
740,List,"0,38",ROMANOMERTA,,2021-12-08,539.0
741,List,"0,38",ROMANOMERTA,,2021-12-08,539.0
742,Minted,,NullAddress,ROMANOMERTA,2021-12-07,539.0
743,Minted,,NullAddress,CADAA9,2021-12-07,540.0
744,Minted,,NullAddress,F36710,2021-12-07,541.0
745,Minted,,NullAddress,moul,2021-12-07,542.0
746,Minted,,NullAddress,1BC3E8,2021-12-07,543.0
747,Minted,,NullAddress,A7DAD0,2021-12-07,544.0
748,Minted,,NullAddress,timmtls,2021-12-07,545.0
749,Transfer,,EB3F32,The_Grand_Duke,2021-12-11,546.0
750,Minted,,NullAddress,EB3F32,2021-12-07,546.0
751,Minted,,NullAddress,313E1A,2021-12-07,547.0
752,Minted,,NullAddress,14C911,2021-12-07,548.0
753,Transfer,,385CD6,The_Grand_Duke,2021-12-08,549.0
754,Minted,,NullAddress,385CD6,2021-12-07,549.0
755,Minted,,NullAddress,7025DF,2021-12-07,550.0
756,Minted,,NullAddress,3380B9,2021-12-07,551.0
757,Transfer,,randomlcad,daedalium,2021-12-08,552.0
758,Minted,,NullAddress,randomlcad,2021-12-07,552.0
759,Minted,,NullAddress,NecroFrost,2021-12-07,553.0
760,Minted,,NullAddress,HaloWind,2021-12-07,554.0
761,Minted,,NullAddress,daedalium,2021-12-07,555.0
762,Minted,,NullAddress,E43D5A,2021-12-07,556.0
763,Minted,,NullAddress,Stanwawrinka,2021-12-07,557.0
764,List,7,Concordeparis,,2021-12-11,558.0
765,Minted,,NullAddress,Concordeparis,2021-12-07,558.0
766,Minted,,NullAddress,MOH-AZE,2021-12-07,559.0
767,Minted,,NullAddress,C85089,2021-12-07,560.0
768,Minted,,NullAddress,DC7A04,2021-12-07,561.0
769,Minted,,NullAddress,AF2609,2021-12-07,562.0
770,List,"0,15",pepechub,,2021-11-25,563.0
771,List,"0,5",pepechub,,2021-12-11,563.0
772,Minted,,NullAddress,pepechub,2021-12-07,563.0
773,Minted,,NullAddress,HolderPianoKing,2021-12-07,564.0
774,Minted,,NullAddress,GuillaumeTell,2021-12-07,565.0
775,List,"0,5",NFTbaguette,,2021-12-08,566.0
776,Minted,,NullAddress,NFTbaguette,2021-12-07,566.0
777,Minted,,NullAddress,D1F54E,2021-12-07,567.0
778,Transfer,,The_Last_Wizard,NiftyPanther,2021-12-10,568.0
779,Sale,"0,1555",Jacques-Chirac,The_Last_Wizard,2021-12-10,568.0
780,Transfer,,Jacques-Chirac,The_Last_Wizard,2021-12-10,568.0
781,List,"0,1555",Jacques-Chirac,,2021-12-10,568.0
782,List,"0,17",Jacques-Chirac,,2021-12-09,568.0
783,Minted,,NullAddress,Jacques-Chirac,2021-12-07,568.0
784,Minted,,NullAddress,378066,2021-12-07,569.0
785,Minted,,NullAddress,0083D4,2021-12-07,570.0
786,Minted,,NullAddress,CADAA9,2021-12-07,571.0
787,Minted,,NullAddress,F36710,2021-12-07,572.0
788,Minted,,NullAddress,4D5A1C,2021-12-07,573.0
789,Minted,,NullAddress,1BC3E8,2021-12-07,574.0
790,Minted,,NullAddress,9179B9,2021-12-07,575.0
791,Offer,"1,01",randomlcad,,2021-12-08,576.0
792,Offer,1,pianomannen,,2021-12-08,576.0
793,Offer,"0,8",randomlcad,,2021-12-07,576.0
794,Minted,,NullAddress,65D354,2021-12-07,576.0
795,List,"0,18",f3nt0m,,2021-12-11,577.0
796,List,"0,29",f3nt0m,,2021-12-09,577.0
797,Minted,,NullAddress,f3nt0m,2021-12-07,577.0
798,Minted,,NullAddress,313E1A,2021-12-07,578.0
799,Minted,,NullAddress,alphasigmavenezia,2021-12-07,579.0
800,Transfer,,385CD6,The_Grand_Duke,2021-12-08,580.0
801,Minted,,NullAddress,385CD6,2021-12-07,580.0
802,Minted,,NullAddress,7025DF,2021-12-07,581.0
803,Minted,,NullAddress,Krinkr,2021-12-07,582.0
804,Transfer,,randomlcad,daedalium,2021-12-08,583.0
805,Minted,,NullAddress,randomlcad,2021-12-07,583.0
806,Minted,,NullAddress,5C6678,2021-12-07,584.0
807,Minted,,NullAddress,6391EF,2021-12-07,585.0
808,Minted,,NullAddress,daedalium,2021-12-07,586.0
809,Minted,,NullAddress,397027,2021-12-07,587.0
810,Minted,,NullAddress,Stanwawrinka,2021-12-07,588.0
811,Minted,,NullAddress,Concordeparis,2021-12-07,589.0
812,Minted,,NullAddress,MOH-AZE,2021-12-07,590.0
813,Minted,,NullAddress,C85089,2021-12-07,591.0
814,Minted,,NullAddress,DC7A04,2021-12-07,592.0
815,Minted,,NullAddress,AF2609,2021-12-07,593.0
816,List,"0,25",pepechub,,2021-11-25,594.0
817,List,"0,5",pepechub,,2021-12-11,594.0
818,Minted,,NullAddress,pepechub,2021-12-07,594.0
819,Minted,,NullAddress,HolderPianoKing,2021-12-07,595.0
820,Minted,,NullAddress,Ding_DONG78,2021-12-07,596.0
821,Minted,,NullAddress,Blackproject,2021-12-07,597.0
822,Minted,,NullAddress,D1F54E,2021-12-07,598.0
823,Minted,,NullAddress,SkyNoX,2021-12-07,599.0
824,Minted,,NullAddress,378066,2021-12-07,600.0
825,List,5,32E2CA,,2021-12-08,601.0
826,Minted,,NullAddress,32E2CA,2021-12-07,601.0
827,Minted,,NullAddress,CADAA9,2021-12-07,602.0
828,Minted,,NullAddress,F36710,2021-12-07,603.0
829,Minted,,NullAddress,4D5A1C,2021-12-07,604.0
830,Minted,,NullAddress,1BC3E8,2021-12-07,605.0
831,Minted,,NullAddress,Tommyvivi,2021-12-07,606.0
832,Minted,,NullAddress,2A3EB0,2021-12-07,607.0
833,Transfer,,The_Last_Wizard,C67998,2021-12-10,608.0
834,Transfer,,f3nt0m,The_Last_Wizard,2021-12-10,608.0
835,Sale,"0,16",f3nt0m,The_Last_Wizard,2021-12-10,608.0
836,List,"0,16",f3nt0m,,2021-12-10,608.0
837,List,"0,175",f3nt0m,,2021-12-09,608.0
838,Minted,,NullAddress,f3nt0m,2021-12-07,608.0
839,Minted,,NullAddress,313E1A,2021-12-07,609.0
840,Minted,,NullAddress,alphasigmavenezia,2021-12-07,610.0
841,Transfer,,385CD6,The_Grand_Duke,2021-12-08,611.0
842,Minted,,NullAddress,385CD6,2021-12-07,611.0
843,Minted,,NullAddress,7025DF,2021-12-07,612.0
844,Minted,,NullAddress,79FBC5,2021-12-07,613.0
845,Transfer,,randomlcad,daedalium,2021-12-08,614.0
846,Minted,,NullAddress,randomlcad,2021-12-07,614.0
847,Minted,,NullAddress,5C6678,2021-12-07,615.0
848,Sale,"0,17",Cyriaque,Luand,2021-12-08,616.0
849,Transfer,,Cyriaque,Luand,2021-12-08,616.0
850,List,"0,17",Cyriaque,,2021-12-08,616.0
851,List,"0,189",Cyriaque,,2021-12-08,616.0
852,List,"0,23",Cyriaque,,2021-12-08,616.0
853,List,"0,3",Cyriaque,,2021-12-08,616.0
854,List,"0,387",Cyriaque,,2021-12-08,616.0
855,Minted,,NullAddress,Cyriaque,2021-12-07,616.0
856,Minted,,NullAddress,daedalium,2021-12-07,617.0
857,Minted,,NullAddress,ADB975,2021-12-07,618.0
858,Minted,,NullAddress,Stanwawrinka,2021-12-07,619.0
859,Minted,,NullAddress,Concordeparis,2021-12-07,620.0
860,Minted,,NullAddress,MOH-AZE,2021-12-07,621.0
861,Minted,,NullAddress,C85089,2021-12-07,622.0
862,Minted,,NullAddress,723678,2021-12-07,623.0
863,Minted,,NullAddress,AF2609,2021-12-07,624.0
864,List,"0,15",pepechub,,2021-11-29,625.0
865,List,"0,25",pepechub,,2021-11-25,625.0
866,List,"0,5",pepechub,,2021-12-11,625.0
867,Minted,,NullAddress,pepechub,2021-12-07,625.0
868,Minted,,NullAddress,BABEF0,2021-12-07,626.0
869,Minted,,NullAddress,Ding_DONG78,2021-12-07,627.0
870,Minted,,NullAddress,Blackproject,2021-12-07,628.0
871,Minted,,NullAddress,356D75,2021-12-07,629.0
872,Sale,"0,175",Thibaultmthh,86A5E1,2021-12-08,630.0
873,Transfer,,Thibaultmthh,86A5E1,2021-12-08,630.0
874,List,"0,175",Thibaultmthh,,2021-12-08,630.0
875,List,"0,18",Thibaultmthh,,2021-12-08,630.0
876,List,"0,19",Thibaultmthh,,2021-12-08,630.0
877,List,"0,29",Thibaultmthh,,2021-12-08,630.0
878,Minted,,NullAddress,Thibaultmthh,2021-12-07,630.0
879,Minted,,NullAddress,378066,2021-12-07,631.0
880,List,1,32E2CA,,2021-12-08,632.0
881,Minted,,NullAddress,32E2CA,2021-12-07,632.0
882,Minted,,NullAddress,CADAA9,2021-12-07,633.0
883,Minted,,NullAddress,F36710,2021-12-07,634.0
884,Minted,,NullAddress,4D5A1C,2021-12-07,635.0
885,Minted,,NullAddress,1BC3E8,2021-12-07,636.0
886,Minted,,NullAddress,610A50,2021-12-07,637.0
887,Minted,,NullAddress,2A3EB0,2021-12-07,638.0
888,Minted,,NullAddress,Nathan2589,2021-12-07,639.0
889,Minted,,NullAddress,313E1A,2021-12-07,640.0
890,Minted,,NullAddress,2FDDE6,2021-12-07,641.0
891,Transfer,,385CD6,The_Grand_Duke,2021-12-08,642.0
892,Minted,,NullAddress,385CD6,2021-12-07,642.0
893,Minted,,NullAddress,7025DF,2021-12-07,643.0
894,Minted,,NullAddress,C998B5,2021-12-07,644.0
895,Sale,"0,178",Casablanca-,Legeen,2021-12-09,645.0
896,Transfer,,Casablanca-,Legeen,2021-12-09,645.0
897,List,"0,178",Casablanca-,,2021-12-09,645.0
898,Minted,,NullAddress,Casablanca-,2021-12-07,645.0
899,Minted,,NullAddress,5C6678,2021-12-07,646.0
900,Minted,,NullAddress,selvane,2021-12-07,647.0
901,Minted,,NullAddress,daedalium,2021-12-07,648.0
902,Minted,,NullAddress,4BE55A,2021-12-07,649.0
903,Minted,,NullAddress,821EA0,2021-12-07,650.0
904,Minted,,NullAddress,Concordeparis,2021-12-07,651.0
905,Minted,,NullAddress,MOH-AZE,2021-12-07,652.0
906,Minted,,NullAddress,C85089,2021-12-07,653.0
907,Minted,,NullAddress,AA136C,2021-12-07,654.0
908,Minted,,NullAddress,AF2609,2021-12-07,655.0
909,List,"0,15",pepechub,,2021-11-25,656.0
910,List,"0,5",pepechub,,2021-12-11,656.0
911,Minted,,NullAddress,pepechub,2021-12-07,656.0
912,Minted,,NullAddress,BABEF0,2021-12-07,657.0
913,Minted,,NullAddress,papanovember0x,2021-12-07,658.0
914,Minted,,NullAddress,pianoking,2021-12-07,659.0
915,Minted,,NullAddress,7310D4,2021-12-07,660.0
916,Sale,"0,175",Thibaultmthh,Sharking_,2021-12-08,661.0
917,Transfer,,Thibaultmthh,Sharking_,2021-12-08,661.0
918,List,"0,175",Thibaultmthh,,2021-12-08,661.0
919,List,"0,185",Thibaultmthh,,2021-12-08,661.0
920,Minted,,NullAddress,Thibaultmthh,2021-12-07,661.0
921,Minted,,NullAddress,378066,2021-12-07,662.0
922,Minted,,NullAddress,06CC5C,2021-12-07,663.0
923,Minted,,NullAddress,CADAA9,2021-12-07,664.0
924,Minted,,NullAddress,F36710,2021-12-07,665.0
925,Minted,,NullAddress,4D5A1C,2021-12-07,666.0
926,Minted,,NullAddress,1BC3E8,2021-12-07,667.0
927,Minted,,NullAddress,610A50,2021-12-07,668.0
928,Minted,,NullAddress,2A3EB0,2021-12-07,669.0
929,Minted,,NullAddress,AABB4B,2021-12-07,670.0
930,Minted,,NullAddress,313E1A,2021-12-07,671.0
931,Minted,,NullAddress,CryptoRebeu,2021-12-07,672.0
932,Transfer,,385CD6,The_Grand_Duke,2021-12-08,673.0
933,Minted,,NullAddress,385CD6,2021-12-07,673.0
934,Minted,,NullAddress,7025DF,2021-12-07,674.0
935,Minted,,NullAddress,shinzao,2021-12-07,675.0
936,Minted,,NullAddress,Elias_the_Doctor,2021-12-07,676.0
937,Minted,,NullAddress,5C6678,2021-12-07,677.0
938,Minted,,NullAddress,938FB3,2021-12-07,678.0
939,Minted,,NullAddress,daedalium,2021-12-07,679.0
940,Minted,,NullAddress,R2D5,2021-12-07,680.0
941,Minted,,NullAddress,383905,2021-12-07,681.0
942,Minted,,NullAddress,442FA4,2021-12-07,682.0
943,Minted,,NullAddress,MOH-AZE,2021-12-07,683.0
944,Minted,,NullAddress,C85089,2021-12-07,684.0
945,Minted,,NullAddress,AA136C,2021-12-07,685.0
946,Minted,,NullAddress,AF2609,2021-12-07,686.0
947,List,"0,15",pepechub,,2021-11-25,687.0
948,List,"0,5",pepechub,,2021-12-11,687.0
949,Minted,,NullAddress,pepechub,2021-12-07,687.0
950,Minted,,NullAddress,E0C8E3,2021-12-07,688.0
951,Minted,,NullAddress,Lovenzo,2021-12-07,689.0
952,Minted,,NullAddress,pianoking,2021-12-07,690.0
953,Minted,,NullAddress,TonyOs34,2021-12-07,691.0
954,Sale,"0,165",Thibaultmthh,peacehuman,2021-12-09,692.0
955,Transfer,,Thibaultmthh,peacehuman,2021-12-09,692.0
956,List,"0,165",Thibaultmthh,,2021-12-09,692.0
957,List,"0,17",Thibaultmthh,,2021-12-09,692.0
958,List,"0,2",Thibaultmthh,,2021-12-09,692.0
959,List,"0,25",Thibaultmthh,,2021-12-08,692.0
960,List,"0,3",Thibaultmthh,,2021-12-08,692.0
961,Minted,,NullAddress,Thibaultmthh,2021-12-07,692.0
962,Minted,,NullAddress,378066,2021-12-07,693.0
963,Minted,,NullAddress,327D3A,2021-12-07,694.0
964,Minted,,NullAddress,CADAA9,2021-12-07,695.0
965,Minted,,NullAddress,F36710,2021-12-07,696.0
966,Minted,,NullAddress,4D5A1C,2021-12-07,697.0
967,Minted,,NullAddress,1BC3E8,2021-12-07,698.0
968,Minted,,NullAddress,RaphaelThobie,2021-12-07,699.0
969,Minted,,NullAddress,2A3EB0,2021-12-07,700.0
970,Minted,,NullAddress,AABB4B,2021-12-07,701.0
971,Minted,,NullAddress,313E1A,2021-12-07,702.0
972,Minted,,NullAddress,917141,2021-12-07,703.0
973,Transfer,,385CD6,The_Grand_Duke,2021-12-08,704.0
974,Minted,,NullAddress,385CD6,2021-12-07,704.0
975,Minted,,NullAddress,7025DF,2021-12-07,705.0
976,Minted,,NullAddress,shinzao,2021-12-07,706.0
977,Minted,,NullAddress,Elias_the_Doctor,2021-12-07,707.0
978,Minted,,NullAddress,5C6678,2021-12-07,708.0
979,Minted,,NullAddress,C08EF1,2021-12-07,709.0
980,Minted,,NullAddress,daedalium,2021-12-07,710.0
981,List,2,Epileptik,,2021-12-09,711.0
982,Sale,"0,24",R2D5,Epileptik,2021-12-08,711.0
983,Transfer,,R2D5,Epileptik,2021-12-08,711.0
984,Offer,"0,24",Epileptik,,2021-12-08,711.0
985,Offer,"0,2",Epileptik,,2021-12-08,711.0
986,List,"0,27",R2D5,,2021-12-08,711.0
987,Minted,,NullAddress,R2D5,2021-12-07,711.0
988,Minted,,NullAddress,383905,2021-12-07,712.0
989,Minted,,NullAddress,442FA4,2021-12-07,713.0
990,Minted,,NullAddress,salomeamar,2021-12-07,714.0
991,Minted,,NullAddress,C85089,2021-12-07,715.0
992,Minted,,NullAddress,49A34C,2021-12-07,716.0
993,Minted,,NullAddress,7868C2,2021-12-07,717.0
994,List,"0,15",pepechub,,2021-11-29,718.0
995,List,"0,17",pepechub,,2021-11-25,718.0
996,List,"0,5",pepechub,,2021-12-11,718.0
997,Minted,,NullAddress,pepechub,2021-12-07,718.0
998,Minted,,NullAddress,E0C8E3,2021-12-07,719.0
999,Minted,,NullAddress,Greg00ze,2021-12-07,720.0
1000,Minted,,NullAddress,pianoking,2021-12-07,721.0
1001,Minted,,NullAddress,E955A6,2021-12-07,722.0
1002,Transfer,,Thibaultmthh,DonPaulo,2021-12-08,723.0
1003,Sale,"0,21",Thibaultmthh,DonPaulo,2021-12-08,723.0
1004,List,"0,21",Thibaultmthh,,2021-12-08,723.0
1005,List,"0,29",Thibaultmthh,,2021-12-08,723.0
1006,List,"0,35",Thibaultmthh,,2021-12-08,723.0
1007,Minted,,NullAddress,Thibaultmthh,2021-12-07,723.0
1008,Minted,,NullAddress,378066,2021-12-07,724.0
1009,Minted,,NullAddress,8800CC,2021-12-07,725.0
1010,Minted,,NullAddress,Nixs0,2021-12-07,726.0
1011,Minted,,NullAddress,F36710,2021-12-07,727.0
1012,Minted,,NullAddress,4D5A1C,2021-12-07,728.0
1013,Minted,,NullAddress,1BC3E8,2021-12-07,729.0
1014,Transfer,,DB346F,Leogisin,2021-12-07,730.0
1015,Minted,,NullAddress,DB346F,2021-12-07,730.0
1016,Minted,,NullAddress,13F3FA,2021-12-07,731.0
1017,Minted,,NullAddress,Opheduvillard,2021-12-07,732.0
1018,Minted,,NullAddress,313E1A,2021-12-07,733.0
1019,Bid Cancel,"0,1",16D679,,2021-12-07,734.0
1020,Offer,"0,1",16D679,,2021-12-07,734.0
1021,Minted,,NullAddress,459269,2021-12-07,734.0
1022,Offer,"0,11",leodseth,,2021-12-08,735.0
1023,Offer,"0,11",leodseth,,2021-12-08,735.0
1024,Transfer,,385CD6,The_Grand_Duke,2021-12-08,735.0
1025,Minted,,NullAddress,385CD6,2021-12-07,735.0
1026,Minted,,NullAddress,7025DF,2021-12-07,736.0
1027,Minted,,NullAddress,shinzao,2021-12-07,737.0
1028,Minted,,NullAddress,Elias_the_Doctor,2021-12-07,738.0
1029,Minted,,NullAddress,5C6678,2021-12-07,739.0
1030,Minted,,NullAddress,F408EE,2021-12-07,740.0
1031,Minted,,NullAddress,daedalium,2021-12-07,741.0
1032,Minted,,NullAddress,GreekMajestic,2021-12-07,742.0
1033,Minted,,NullAddress,Deathnote1890,2021-12-07,743.0
1034,Minted,,NullAddress,442FA4,2021-12-07,744.0
1035,Offer,"1,1",pianomannen,,2021-12-08,745.0
1036,Offer,"1,01",randomlcad,,2021-12-08,745.0
1037,Offer,1,pianomannen,,2021-12-08,745.0
1038,Offer,"0,8",randomlcad,,2021-12-07,745.0
1039,Minted,,NullAddress,Brodas,2021-12-07,745.0
1040,Minted,,NullAddress,C85089,2021-12-07,746.0
1041,Minted,,NullAddress,1F6D5D,2021-12-07,747.0
1042,Minted,,NullAddress,3F9D67,2021-12-07,748.0
1043,Offer,"0,125",Nodram,,2021-12-10,749.0
1044,List,"0,15",pepechub,,2021-11-29,749.0
1045,List,"0,17",pepechub,,2021-11-25,749.0
1046,List,"0,5",pepechub,,2021-12-11,749.0
1047,Minted,,NullAddress,pepechub,2021-12-07,749.0
1048,Minted,,NullAddress,E0C8E3,2021-12-07,750.0
1049,Minted,,NullAddress,JackSparrowMoon,2021-12-07,751.0
1050,Minted,,NullAddress,pianoking,2021-12-07,752.0
1051,List,"0,7",0295E4,,2021-12-09,753.0
1052,Minted,,NullAddress,0295E4,2021-12-07,753.0
1053,Minted,,NullAddress,EDB88D,2021-12-07,754.0
1054,Minted,,NullAddress,Gobs12,2021-12-07,755.0
1055,Minted,,NullAddress,D64316,2021-12-07,756.0
1056,Minted,,NullAddress,0xreorg,2021-12-07,757.0
1057,Minted,,NullAddress,F36710,2021-12-07,758.0
1058,Minted,,NullAddress,Lucasc44,2021-12-07,759.0
1059,Minted,,NullAddress,BFF9F0,2021-12-07,760.0
1060,Transfer,,DB346F,Leogisin,2021-12-07,761.0
1061,Minted,,NullAddress,DB346F,2021-12-07,761.0
1062,Minted,,NullAddress,F5F53D,2021-12-07,762.0
1063,Minted,,NullAddress,ThibsFlip,2021-12-07,763.0
1064,Minted,,NullAddress,313E1A,2021-12-07,764.0
1065,Minted,,NullAddress,459269,2021-12-07,765.0
1066,Transfer,,385CD6,The_Grand_Duke,2021-12-08,766.0
1067,Minted,,NullAddress,385CD6,2021-12-07,766.0
1068,Minted,,NullAddress,7025DF,2021-12-07,767.0
1069,Minted,,NullAddress,shinzao,2021-12-07,768.0
1070,Minted,,NullAddress,Elias_the_Doctor,2021-12-07,769.0
1071,Minted,,NullAddress,5C6678,2021-12-07,770.0
1072,Minted,,NullAddress,F408EE,2021-12-07,771.0
1073,Minted,,NullAddress,79C54F,2021-12-07,772.0
1074,Minted,,NullAddress,131791,2021-12-07,773.0
1075,Transfer,,6DBB26,RodopackM,2021-12-08,774.0
1076,Minted,,NullAddress,6DBB26,2021-12-07,774.0
1077,List,"0,19",442FA4,,2021-12-11,775.0
1078,Minted,,NullAddress,442FA4,2021-12-07,775.0
1079,Minted,,NullAddress,7FA414,2021-12-07,776.0
1080,Minted,,NullAddress,C85089,2021-12-07,777.0
1081,Minted,,NullAddress,E4ABC2,2021-12-07,778.0
1082,Minted,,NullAddress,C3Diesel,2021-12-07,779.0
1083,Minted,,NullAddress,Theo0608,2021-12-07,780.0
1084,Minted,,NullAddress,E0C8E3,2021-12-07,781.0
1085,Minted,,NullAddress,Antho29,2021-12-07,782.0
1086,Offer,"0,15",leodseth,,2021-12-08,783.0
1087,Minted,,NullAddress,pianoking,2021-12-07,783.0
1088,Minted,,NullAddress,3AFF17,2021-12-07,784.0
1089,Minted,,NullAddress,pianomannen,2021-12-07,785.0
1090,Minted,,NullAddress,Gobs12,2021-12-07,786.0
1091,Minted,,NullAddress,Lord_Valentin,2021-12-07,787.0
1092,Minted,,NullAddress,0xreorg,2021-12-07,788.0
1093,Minted,,NullAddress,F36710,2021-12-07,789.0
1094,Minted,,NullAddress,21A02B,2021-12-07,790.0
1095,List,"0,33",Azix,,2021-12-08,791.0
1096,Minted,,NullAddress,Azix,2021-12-07,791.0
1097,Transfer,,DB346F,Leogisin,2021-12-07,792.0
1098,Minted,,NullAddress,DB346F,2021-12-07,792.0
1099,Minted,,NullAddress,3292D4,2021-12-07,793.0
1100,Minted,,NullAddress,C7E1BF,2021-12-07,794.0
1101,Minted,,NullAddress,313E1A,2021-12-07,795.0
1102,Minted,,NullAddress,85ED8E,2021-12-07,796.0
1103,Transfer,,385CD6,The_Grand_Duke,2021-12-08,797.0
1104,Minted,,NullAddress,385CD6,2021-12-07,797.0
1105,Minted,,NullAddress,7025DF,2021-12-07,798.0
1106,Minted,,NullAddress,shinzao,2021-12-07,799.0
1107,Minted,,NullAddress,Elias_the_Doctor,2021-12-07,800.0
1108,Minted,,NullAddress,5C6678,2021-12-07,801.0
1109,Minted,,NullAddress,C242EA,2021-12-07,802.0
1110,Minted,,NullAddress,79C54F,2021-12-07,803.0
1111,Minted,,NullAddress,131791,2021-12-07,804.0
1112,Minted,,NullAddress,814577,2021-12-07,805.0
1113,List,"0,19",442FA4,,2021-12-11,806.0
1114,Minted,,NullAddress,442FA4,2021-12-07,806.0
1115,Minted,,NullAddress,7FA414,2021-12-07,807.0
1116,Minted,,NullAddress,C85089,2021-12-07,808.0
1117,Minted,,NullAddress,E4ABC2,2021-12-07,809.0
1118,Minted,,NullAddress,C3Diesel,2021-12-07,810.0
1119,Transfer,,EB3F32,A697F6,2021-12-09,811.0
1120,Minted,,NullAddress,EB3F32,2021-12-07,811.0
1121,Minted,,NullAddress,E0C8E3,2021-12-07,812.0
1122,Minted,,NullAddress,170248,2021-12-07,813.0
1123,Minted,,NullAddress,pianoking,2021-12-07,814.0
1124,Minted,,NullAddress,3AFF17,2021-12-07,815.0
1125,Minted,,NullAddress,8D6C63,2021-12-07,816.0
1126,Minted,,NullAddress,938E56,2021-12-07,817.0
1127,Minted,,NullAddress,A2F755,2021-12-07,818.0
1128,Minted,,NullAddress,0xreorg,2021-12-07,819.0
1129,Transfer,,RightClickSaveAs,9A41FE,2021-12-08,820.0
1130,Minted,,NullAddress,RightClickSaveAs,2021-12-07,820.0
1131,Minted,,NullAddress,89FCF8,2021-12-07,821.0
1132,List,"0,33",Azix,,2021-12-08,822.0
1133,Minted,,NullAddress,Azix,2021-12-07,822.0
1134,List,2,G00dvibe,,2021-12-10,823.0
1135,List,"2,5",G00dvibe,,2021-12-10,823.0
1136,List,4,G00dvibe,,2021-12-09,823.0
1137,Minted,,NullAddress,G00dvibe,2021-12-07,823.0
1138,Minted,,NullAddress,Sinnerman_eth,2021-12-07,824.0
1139,Minted,,NullAddress,boncharVie,2021-12-07,825.0
1140,Minted,,NullAddress,313E1A,2021-12-07,826.0
1141,Minted,,NullAddress,Artikodin,2021-12-07,827.0
1142,Transfer,,385CD6,The_Grand_Duke,2021-12-08,828.0
1143,Minted,,NullAddress,385CD6,2021-12-07,828.0
1144,Minted,,NullAddress,7025DF,2021-12-07,829.0
1145,Minted,,NullAddress,shinzao,2021-12-07,830.0
1146,Minted,,NullAddress,NFTbaguette,2021-12-07,831.0
1147,Minted,,NullAddress,Yoyolacrypto,2021-12-07,834.0
1148,Minted,,NullAddress,qu4ntum4,2021-12-07,835.0
1149,Minted,,NullAddress,814577,2021-12-07,836.0
1150,List,"0,1",442FA4,,2021-12-11,837.0
1151,Minted,,NullAddress,442FA4,2021-12-07,837.0
1152,Minted,,NullAddress,7FA414,2021-12-07,838.0
1153,Minted,,NullAddress,Sandgine,2021-12-07,839.0
1154,Minted,,NullAddress,E4ABC2,2021-12-07,840.0
1155,Minted,,NullAddress,P1xelator,2021-12-07,841.0
1156,Transfer,,EB3F32,A697F6,2021-12-09,842.0
1157,Minted,,NullAddress,EB3F32,2021-12-07,842.0
1158,Minted,,NullAddress,E0C8E3,2021-12-07,843.0
1159,Minted,,NullAddress,4AE150,2021-12-07,844.0
1160,Minted,,NullAddress,pianoking,2021-12-07,845.0
1161,Minted,,NullAddress,3AFF17,2021-12-07,846.0
1162,Minted,,NullAddress,alexgx,2021-12-07,847.0
1163,Minted,,NullAddress,938E56,2021-12-07,848.0
1164,Minted,,NullAddress,A2F755,2021-12-07,849.0
1165,Minted,,NullAddress,0xreorg,2021-12-07,850.0
1166,Transfer,,RightClickSaveAs,9A41FE,2021-12-08,851.0
1167,Minted,,NullAddress,RightClickSaveAs,2021-12-07,851.0
1168,Minted,,NullAddress,sokouro,2021-12-07,852.0
1169,List,"0,33",Azix,,2021-12-08,853.0
1170,Minted,,NullAddress,Azix,2021-12-07,853.0
1171,Minted,,NullAddress,29A5DB,2021-12-07,854.0
1172,Minted,,NullAddress,381B18,2021-12-07,855.0
1173,Minted,,NullAddress,boncharVie,2021-12-07,856.0
1174,Minted,,NullAddress,313E1A,2021-12-07,857.0
1175,Minted,,NullAddress,E78CBD,2021-12-07,858.0
1176,Transfer,,385CD6,The_Grand_Duke,2021-12-08,859.0
1177,Minted,,NullAddress,385CD6,2021-12-07,859.0
1178,Minted,,NullAddress,7025DF,2021-12-07,860.0
1179,Minted,,NullAddress,shinzao,2021-12-07,861.0
1180,Minted,,NullAddress,NFTbaguette,2021-12-07,862.0
1181,Minted,,NullAddress,ArthurSensei,2021-12-07,863.0
1182,Minted,,NullAddress,C242EA,2021-12-07,864.0
1183,Minted,,NullAddress,ZelNFT,2021-12-07,865.0
1184,Minted,,NullAddress,qu4ntum4,2021-12-07,866.0
1185,Minted,,NullAddress,814577,2021-12-07,867.0
1186,Minted,,NullAddress,442FA4,2021-12-07,868.0
1187,Minted,,NullAddress,7FA414,2021-12-07,869.0
1188,Sale,"0,16",Musk_Elon,EAF3E7,2021-12-08,870.0
1189,Transfer,,Musk_Elon,EAF3E7,2021-12-08,870.0
1190,List,"0,16",Musk_Elon,,2021-12-08,870.0
1191,List,"0,19",Musk_Elon,,2021-12-08,870.0
1192,List,"0,38",Musk_Elon,,2021-12-08,870.0
1193,Minted,,NullAddress,Musk_Elon,2021-12-07,870.0
1194,Minted,,NullAddress,4B96F5,2021-12-07,871.0
1195,Minted,,NullAddress,P1xelator,2021-12-07,872.0
1196,Transfer,,EB3F32,A697F6,2021-12-09,873.0
1197,Minted,,NullAddress,EB3F32,2021-12-07,873.0
1198,Minted,,NullAddress,E0C8E3,2021-12-07,874.0
1199,Minted,,NullAddress,Medhouille,2021-12-07,875.0
1200,Minted,,NullAddress,pianoking,2021-12-07,876.0
1201,Minted,,NullAddress,3AFF17,2021-12-07,877.0
1202,Minted,,NullAddress,12EE3C,2021-12-07,878.0
1203,Minted,,NullAddress,938E56,2021-12-07,879.0
1204,Minted,,NullAddress,A2F755,2021-12-07,880.0
1205,Minted,,NullAddress,0xreorg,2021-12-07,881.0
1206,Sale,"0,179",516C6D,E99F15,2021-12-08,882.0
1207,Transfer,,516C6D,E99F15,2021-12-08,882.0
1208,Minted,,NullAddress,516C6D,2021-12-07,882.0
1209,Minted,,NullAddress,BE1E36,2021-12-07,883.0
1210,Minted,,NullAddress,B23C1E,2021-12-07,884.0
1211,List,"0,25",Concordeparis,,2021-12-11,885.0
1212,Minted,,NullAddress,Concordeparis,2021-12-07,885.0
1213,Minted,,NullAddress,ErazionTopaz,2021-12-07,886.0
1214,Minted,,NullAddress,boncharVie,2021-12-07,887.0
1215,Minted,,NullAddress,313E1A,2021-12-07,888.0
1216,Minted,,NullAddress,E78CBD,2021-12-07,889.0
1217,Transfer,,385CD6,The_Grand_Duke,2021-12-08,890.0
1218,Minted,,NullAddress,385CD6,2021-12-07,890.0
1219,Minted,,NullAddress,7025DF,2021-12-07,891.0
1220,Minted,,NullAddress,shinzao,2021-12-07,892.0
1221,Minted,,NullAddress,NFTbaguette,2021-12-07,893.0
1222,Minted,,NullAddress,ArthurSensei,2021-12-07,894.0
1223,Minted,,NullAddress,C242EA,2021-12-07,895.0
1224,Minted,,NullAddress,ZelNFT,2021-12-07,896.0
1225,List,"0,5",xueicilad,,2021-12-12,897.0
1226,Minted,,NullAddress,xueicilad,2021-12-07,897.0
1227,Minted,,NullAddress,814577,2021-12-07,898.0
1228,Minted,,NullAddress,442FA4,2021-12-07,899.0
1229,Minted,,NullAddress,ced83,2021-12-07,900.0
1230,Minted,,NullAddress,HAPE_01,2021-12-07,901.0
1231,Minted,,NullAddress,0F5022,2021-12-07,902.0
1232,Minted,,NullAddress,DanyAvr,2021-12-07,903.0
1233,Transfer,,EB3F32,A697F6,2021-12-09,904.0
1234,Minted,,NullAddress,EB3F32,2021-12-07,904.0
1235,Minted,,NullAddress,E0C8E3,2021-12-07,905.0
1236,Minted,,NullAddress,Fabiolous,2021-12-07,906.0
1237,Minted,,NullAddress,pianoking,2021-12-07,907.0
1238,Minted,,NullAddress,3AFF17,2021-12-07,908.0
1239,Minted,,NullAddress,12EE3C,2021-12-07,909.0
1240,Minted,,NullAddress,938E56,2021-12-07,910.0
1241,Minted,,NullAddress,9E8811,2021-12-07,911.0
1242,Minted,,NullAddress,8143DE,2021-12-07,912.0
1243,Minted,,NullAddress,truecryptostories,2021-12-07,913.0
1244,Minted,,NullAddress,AAFCAE,2021-12-07,914.0
1245,Transfer,,Xsqo12,MozartKingNFT,2021-11-29,915.0
1246,Sale,"0,14",Xsqo12,MozartKingNFT,2021-11-29,915.0
1247,List,"0,14",Xsqo12,,2021-12-13,915.0
1248,List,"0,1799",Xsqo12,,2021-12-12,915.0
1249,Cancel,"0,15",Xsqo12,,2021-12-13,915.0
1250,List,"0,15",Xsqo12,,2021-12-11,915.0
1251,List,"0,25",Xsqo12,,2021-12-08,915.0
1252,Minted,,NullAddress,Xsqo12,2021-12-07,915.0
1253,List,"0,4",Concordeparis,,2021-12-11,916.0
1254,Minted,,NullAddress,Concordeparis,2021-12-07,916.0
1255,Minted,,NullAddress,BCDB20,2021-12-07,917.0
1256,Minted,,NullAddress,boncharVie,2021-12-07,918.0
1257,Minted,,NullAddress,313E1A,2021-12-07,919.0
1258,Minted,,NullAddress,E78CBD,2021-12-07,920.0
1259,Transfer,,385CD6,The_Grand_Duke,2021-12-08,921.0
1260,Minted,,NullAddress,385CD6,2021-12-07,921.0
1261,Minted,,NullAddress,7025DF,2021-12-07,922.0
1262,Minted,,NullAddress,shinzao,2021-12-07,923.0
1263,Minted,,NullAddress,NFTbaguette,2021-12-07,924.0
1264,Minted,,NullAddress,575972,2021-12-07,925.0
1265,Offer,"0,11",leodseth,,2021-12-08,926.0
1266,Minted,,NullAddress,CB50FF,2021-12-07,926.0
1267,Offer,"0,11",leodseth,,2021-12-08,927.0
1268,Minted,,NullAddress,ZelNFT,2021-12-07,927.0
1269,List,"0,5",xueicilad,,2021-12-12,928.0
1270,Minted,,NullAddress,xueicilad,2021-12-07,928.0
1271,Minted,,NullAddress,814577,2021-12-07,929.0
1272,Minted,,NullAddress,442FA4,2021-12-07,930.0
1273,Minted,,NullAddress,ced83,2021-12-07,931.0
1274,Minted,,NullAddress,Finch_Person,2021-12-07,932.0
1275,Minted,,NullAddress,73F0FD,2021-12-07,933.0
1276,Minted,,NullAddress,DanyAvr,2021-12-07,934.0
1277,Transfer,,EB3F32,A697F6,2021-12-09,935.0
1278,Minted,,NullAddress,EB3F32,2021-12-07,935.0
1279,List,"2,9",robjet,,2021-12-08,936.0
1280,Minted,,NullAddress,robjet,2021-12-07,936.0
1281,Minted,,NullAddress,Fabiolous,2021-12-07,937.0
1282,Minted,,NullAddress,pianoking,2021-12-07,938.0
1283,Minted,,NullAddress,3AFF17,2021-12-07,939.0
1284,Minted,,NullAddress,12EE3C,2021-12-07,940.0
1285,Minted,,NullAddress,938E56,2021-12-07,941.0
1286,Minted,,NullAddress,7BAD5E,2021-12-07,942.0
1287,Minted,,NullAddress,8143DE,2021-12-07,943.0
1288,Minted,,NullAddress,truecryptostories,2021-12-07,944.0
1289,Minted,,NullAddress,AAFCAE,2021-12-07,945.0
1290,Minted,,NullAddress,94F21D,2021-12-07,946.0
1291,Sale,"0,19",Concordeparis,The_Last_Wizard,2021-12-11,947.0
1292,Transfer,,Concordeparis,The_Last_Wizard,2021-12-11,947.0
1293,List,"0,19",Concordeparis,,2021-12-11,947.0
1294,Minted,,NullAddress,Concordeparis,2021-12-07,947.0
1295,Minted,,NullAddress,A79B46,2021-12-07,948.0
1296,Minted,,NullAddress,boncharVie,2021-12-07,949.0
1297,Minted,,NullAddress,54D849,2021-12-07,950.0
1298,Minted,,NullAddress,298EB7,2021-12-07,951.0
1299,Transfer,,385CD6,The_Grand_Duke,2021-12-08,952.0
1300,Minted,,NullAddress,385CD6,2021-12-07,952.0
1301,Minted,,NullAddress,7025DF,2021-12-07,953.0
1302,Minted,,NullAddress,shinzao,2021-12-07,954.0
1303,Minted,,NullAddress,NFTbaguette,2021-12-07,955.0
1304,Minted,,NullAddress,65A255,2021-12-07,956.0
1305,Minted,,NullAddress,82DF6F,2021-12-07,957.0
1306,Minted,,NullAddress,ZelNFT,2021-12-07,958.0
1307,Minted,,NullAddress,CryptoEnthusiaast,2021-12-07,959.0
1308,Minted,,NullAddress,814577,2021-12-07,960.0
1309,List,"0,11",442FA4,,2021-12-11,961.0
1310,Minted,,NullAddress,442FA4,2021-12-07,961.0
1311,Minted,,NullAddress,ced83,2021-12-07,962.0
1312,Minted,,NullAddress,Finch_Person,2021-12-07,963.0
1313,Minted,,NullAddress,8F5A66,2021-12-07,964.0
1314,List,1,The_Y,,2021-12-08,965.0
1315,Minted,,NullAddress,The_Y,2021-12-07,965.0
1316,Transfer,,EB3F32,A697F6,2021-12-11,966.0
1317,Minted,,NullAddress,EB3F32,2021-12-07,966.0
1318,Minted,,NullAddress,robjet,2021-12-07,967.0
1319,Minted,,NullAddress,473174,2021-12-07,968.0
1320,Minted,,NullAddress,pianoking,2021-12-07,969.0
1321,Minted,,NullAddress,3AFF17,2021-12-07,970.0
1322,Minted,,NullAddress,12EE3C,2021-12-07,971.0
1323,Minted,,NullAddress,Tina_Wang,2021-12-07,972.0
1324,Minted,,NullAddress,99AB25,2021-12-07,973.0
1325,Minted,,NullAddress,8143DE,2021-12-07,974.0
1326,Minted,,NullAddress,daedalium,2021-12-07,975.0
1327,Minted,,NullAddress,AAFCAE,2021-12-07,976.0
1328,Minted,,NullAddress,beyondyourdreams,2021-12-07,977.0
1329,List,"0,5",Concordeparis,,2021-12-11,978.0
1330,Minted,,NullAddress,Concordeparis,2021-12-07,978.0
1331,Minted,,NullAddress,JCPieri,2021-12-07,979.0
1332,Minted,,NullAddress,boncharVie,2021-12-07,980.0
1333,Minted,,NullAddress,54D849,2021-12-07,981.0
1334,Minted,,NullAddress,298EB7,2021-12-07,982.0
1335,Transfer,,385CD6,The_Grand_Duke,2021-12-08,983.0
1336,Minted,,NullAddress,385CD6,2021-12-07,983.0
1337,Minted,,NullAddress,7025DF,2021-12-07,984.0
1338,Minted,,NullAddress,Lazzher,2021-12-07,985.0
1339,Minted,,NullAddress,NFTbaguette,2021-12-07,986.0
1340,Minted,,NullAddress,Epileptik,2021-12-07,987.0
1341,Minted,,NullAddress,le_moods,2021-12-07,988.0
1342,Minted,,NullAddress,ZelNFT,2021-12-07,989.0
1343,Minted,,NullAddress,CryptoEnthusiaast,2021-12-07,990.0
1344,Minted,,NullAddress,814577,2021-12-07,991.0
1345,Minted,,NullAddress,442FA4,2021-12-07,992.0
1346,Minted,,NullAddress,ced83,2021-12-07,993.0
1347,Minted,,NullAddress,Finch_Person,2021-12-07,994.0
1348,Minted,,NullAddress,1F30F9,2021-12-07,995.0
1349,Minted,,NullAddress,Maxivan,2021-12-07,996.0
1350,Transfer,,EB3F32,A697F6,2021-12-11,997.0
1351,Minted,,NullAddress,EB3F32,2021-12-07,997.0
1352,Minted,,NullAddress,737010,2021-12-07,998.0
1353,Minted,,NullAddress,421D92,2021-12-07,999.0
1354,Minted,,NullAddress,pianoking,2021-12-07,1000.0
